is_notre_dame,is_opponent,id,first_name,last_name,middle_name,suffix,created_at,updated_at
"true","true","3","'Brian'","'Kelly'","''","null","'2021-09-23T00:25:22.75047+00:00'","'2021-09-23T00:27:42.0877+00:00'"
"true","true","4","'Charlie'","'Weis'","''","null","'2021-09-23T00:25:22.75047+00:00'","'2021-09-23T00:27:42.0877+00:00'"
"true","true","6","'Edward'","'McKeever'","''","null","'2021-09-23T00:25:22.75047+00:00'","'2021-09-23T00:27:42.0877+00:00'"
"true","true","7","'Elmer'","'Layden'","''","null","'2021-09-23T00:25:22.75047+00:00'","'2021-09-23T00:27:42.0877+00:00'"
"true","true","8","'Frank'","'Hering'","''","null","'2021-09-23T00:25:22.75047+00:00'","'2021-09-23T00:27:42.0877+00:00'"
"true","true","9","'Frank'","'Leahy'","''","null","'2021-09-23T00:25:22.75047+00:00'","'2021-09-23T00:27:42.0877+00:00'"
"true","true","10","'Frank'","'Longman'","''","null","'2021-09-23T00:25:22.75047+00:00'","'2021-09-23T00:27:42.0877+00:00'"
"true","true","11","'Gerry'","'Faust'","''","null","'2021-09-23T00:25:22.75047+00:00'","'2021-09-23T00:27:42.0877+00:00'"
"true","true","12","'H.G.'","'Hadden'","''","null","'2021-09-23T00:25:22.75047+00:00'","'2021-09-23T00:27:42.0877+00:00'"
"true","true","13","'Henry'","'McGlew'","''","null","'2021-09-23T00:25:22.75047+00:00'","'2021-09-23T00:27:42.0877+00:00'"
"true","true","14","'Hugh'","'Devore'","''","null","'2021-09-23T00:25:22.75047+00:00'","'2021-09-23T00:27:42.0877+00:00'"
"true","true","15","'Hunk'","'Anderson'","''","null","'2021-09-23T00:25:22.75047+00:00'","'2021-09-23T00:27:42.0877+00:00'"
"true","true","16","'James'","'Farragher'","''","null","'2021-09-23T00:25:22.75047+00:00'","'2021-09-23T00:27:42.0877+00:00'"
"true","true","17","'James'","'McWeeney'","''","null","'2021-09-23T00:25:22.75047+00:00'","'2021-09-23T00:27:42.0877+00:00'"
"true","true","18","'James'","'Morrison'","''","null","'2021-09-23T00:25:22.75047+00:00'","'2021-09-23T00:27:42.0877+00:00'"
"true","true","20","'Joe'","'Kuharich'","''","null","'2021-09-23T00:25:22.75047+00:00'","'2021-09-23T00:27:42.0877+00:00'"
"true","true","21","'John'","'Marks'","''","null","'2021-09-23T00:25:22.75047+00:00'","'2021-09-23T00:27:42.0877+00:00'"
"true","true","22","'Kent'","'Baer'","''","null","'2021-09-23T00:25:22.75047+00:00'","'2021-09-23T00:27:42.0877+00:00'"
"true","true","23","'Knute'","'Rockne'","''","null","'2021-09-23T00:25:22.75047+00:00'","'2021-09-23T00:27:42.0877+00:00'"
"true","true","24","'Lou'","'Holtz'","''","null","'2021-09-23T00:25:22.75047+00:00'","'2021-09-23T00:27:42.0877+00:00'"
"true","true","25","'Pat'","'O'Dea'","''","null","'2021-09-23T00:25:22.75047+00:00'","'2021-09-23T00:27:42.0877+00:00'"
"true","true","26","'Red'","'Salmon'","''","null","'2021-09-23T00:25:22.75047+00:00'","'2021-09-23T00:27:42.0877+00:00'"
"true","true","27","'Terry'","'Brennan'","''","null","'2021-09-23T00:25:22.75047+00:00'","'2021-09-23T00:27:42.0877+00:00'"
"true","true","28","'Thomas'","'Barry'","''","null","'2021-09-23T00:25:22.75047+00:00'","'2021-09-23T00:27:42.0877+00:00'"
"true","true","30","'Victor'","'Place'","''","null","'2021-09-23T00:25:22.75047+00:00'","'2021-09-23T00:27:42.0877+00:00'"
"true","true","1","'Ara'","'Parseghian'","''","null","'2021-09-23T00:25:22.75047+00:00'","'2021-09-23T00:31:31.369193+00:00'"
"true","true","2","'Bob'","'Davie'","''","null","'2021-09-23T00:25:22.75047+00:00'","'2021-09-23T00:31:31.369193+00:00'"
"true","true","5","'Dan'","'Devine'","''","null","'2021-09-23T00:25:22.75047+00:00'","'2021-09-23T00:31:31.369193+00:00'"
"true","true","19","'Jesse'","'Harper'","''","null","'2021-09-23T00:25:22.75047+00:00'","'2021-09-23T00:31:31.369193+00:00'"
"true","true","29","'Tyrone'","'Willingham'","''","null","'2021-09-23T00:25:22.75047+00:00'","'2021-09-23T00:31:31.369193+00:00'"
"false","true","31","'A.E.'","'Hernstein'","''","null","'2021-09-23T01:17:31.996114+00:00'","'2021-09-23T01:17:31.996114+00:00'"
"false","true","32","'A.J.'","'Jones'","''","null","'2021-09-23T01:17:31.996114+00:00'","'2021-09-23T01:17:31.996114+00:00'"
"false","true","33","'Ad'","'Lindsey'","''","null","'2021-09-23T01:17:31.996114+00:00'","'2021-09-23T01:17:31.996114+00:00'"
"false","true","34","'Al'","'Conover'","''","null","'2021-09-23T01:17:31.996114+00:00'","'2021-09-23T01:17:31.996114+00:00'"
"false","true","35","'Al'","'Golden'","''","null","'2021-09-23T01:17:31.996114+00:00'","'2021-09-23T01:17:31.996114+00:00'"
"false","true","36","'Al'","'Onofrio'","''","null","'2021-09-23T01:17:31.996114+00:00'","'2021-09-23T01:17:31.996114+00:00'"
"false","true","37","'Albert'","'Barron'","''","null","'2021-09-23T01:17:31.996114+00:00'","'2021-09-23T01:17:31.996114+00:00'"
"false","true","38","'Alex'","'Agase'","''","null","'2021-09-23T01:17:31.996114+00:00'","'2021-09-23T01:17:31.996114+00:00'"
"false","true","39","'Alpha'","'Jamison'","''","null","'2021-09-23T01:17:31.996114+00:00'","'2021-09-23T01:17:31.996114+00:00'"
"false","true","40","'Amos'","'Stagg'","'Alonzo'","null","'2021-09-23T01:17:31.996114+00:00'","'2021-09-23T01:17:31.996114+00:00'"
"false","true","41","'Andy'","'Gustafson'","''","null","'2021-09-23T01:17:31.996114+00:00'","'2021-09-23T01:17:31.996114+00:00'"
"false","true","42","'Art'","'Curtis'","''","null","'2021-09-23T01:17:31.996114+00:00'","'2021-09-23T01:17:31.996114+00:00'"
"false","true","43","'Arthur'","'Hamrick'","''","null","'2021-09-23T01:17:31.996114+00:00'","'2021-09-23T01:17:31.996114+00:00'"
"false","true","44","'Ben'","'Martin'","''","null","'2021-09-23T01:17:31.996114+00:00'","'2021-09-23T01:17:31.996114+00:00'"
"false","true","45","'Ben'","'Schwartzwalder'","''","null","'2021-09-23T01:17:31.996114+00:00'","'2021-09-23T01:17:31.996114+00:00'"
"false","true","46","'Bennie'","'Ellender'","''","null","'2021-09-23T01:17:31.996114+00:00'","'2021-09-23T01:17:31.996114+00:00'"
"false","true","47","'Bernie'","'Bierman'","''","null","'2021-09-23T01:17:31.996114+00:00'","'2021-09-23T01:17:31.996114+00:00'"
"false","true","48","'Bernie'","'Crimmins'","''","null","'2021-09-23T01:17:31.996114+00:00'","'2021-09-23T01:17:31.996114+00:00'"
"false","true","49","'Bernie'","'Masterson'","''","null","'2021-09-23T01:17:31.996114+00:00'","'2021-09-23T01:17:31.996114+00:00'"
"false","true","50","'Bert'","'Kennedy'","''","null","'2021-09-23T01:17:31.996114+00:00'","'2021-09-23T01:17:31.996114+00:00'"
"false","true","51","'Biff'","'Jones'","''","null","'2021-09-23T01:17:31.996114+00:00'","'2021-09-23T01:17:31.996114+00:00'"
"false","true","52","'Biggie'","'Munn'","''","null","'2021-09-23T01:17:31.996114+00:00'","'2021-09-23T01:17:31.996114+00:00'"
"false","true","53","'Bill'","'Arnsparger'","''","null","'2021-09-23T01:17:31.996114+00:00'","'2021-09-23T01:17:31.996114+00:00'"
"false","true","54","'Bill'","'Barnes'","''","null","'2021-09-23T01:17:31.996114+00:00'","'2021-09-23T01:17:31.996114+00:00'"
"false","true","55","'Bill'","'Cubit'","''","null","'2021-09-23T01:17:31.996114+00:00'","'2021-09-23T01:17:31.996114+00:00'"
"false","true","56","'Bill'","'Curry'","''","null","'2021-09-23T01:17:31.996114+00:00'","'2021-09-23T01:17:31.996114+00:00'"
"false","true","57","'Bill'","'Doba'","''","null","'2021-09-23T01:17:31.996114+00:00'","'2021-09-23T01:17:31.996114+00:00'"
"false","true","58","'Bill'","'Dooley'","''","null","'2021-09-23T01:17:31.996114+00:00'","'2021-09-23T01:17:31.996114+00:00'"
"false","true","59","'Bill'","'Elias'","''","null","'2021-09-23T01:17:31.996114+00:00'","'2021-09-23T01:17:31.996114+00:00'"
"false","true","60","'Bill'","'Hargiss'","''","null","'2021-09-23T01:17:31.996114+00:00'","'2021-09-23T01:17:31.996114+00:00'"
"false","true","61","'Bill'","'Hollenback'","''","null","'2021-09-23T01:17:31.996114+00:00'","'2021-09-23T01:17:31.996114+00:00'"
"false","true","62","'Bill'","'Ingram'","''","null","'2021-09-23T01:17:31.996114+00:00'","'2021-09-23T01:17:31.996114+00:00'"
"false","true","63","'Bill'","'Kern'","''","null","'2021-09-23T01:17:31.996114+00:00'","'2021-09-23T01:17:31.996114+00:00'"
"false","true","64","'Bill'","'Mallory'","''","null","'2021-09-23T01:17:31.996114+00:00'","'2021-09-23T01:17:31.996114+00:00'"
"false","true","65","'Bill'","'McCartney'","''","null","'2021-09-23T01:17:31.996114+00:00'","'2021-09-23T01:17:31.996114+00:00'"
"false","true","66","'Bill'","'Meek'","''","null","'2021-09-23T01:17:31.996114+00:00'","'2021-09-23T01:17:31.996114+00:00'"
"false","true","67","'Bill'","'Murray'","''","null","'2021-09-23T01:17:31.996114+00:00'","'2021-09-23T01:17:31.996114+00:00'"
"false","true","68","'Bill'","'Parcells'","''","null","'2021-09-23T01:17:31.996114+00:00'","'2021-09-23T01:17:31.996114+00:00'"
"false","true","69","'Bill'","'Roper'","''","null","'2021-09-23T01:17:31.996114+00:00'","'2021-09-23T01:17:31.996114+00:00'"
"false","true","70","'Bill'","'Walsh'","''","null","'2021-09-23T01:17:31.996114+00:00'","'2021-09-23T01:17:31.996114+00:00'"
"false","true","71","'Bill'","'Yeoman'","''","null","'2021-09-23T01:17:31.996114+00:00'","'2021-09-23T01:17:31.996114+00:00'"
"false","true","72","'Billick'","'Whelchel'","''","null","'2021-09-23T01:17:31.996114+00:00'","'2021-09-23T01:17:31.996114+00:00'"
"false","true","73","'Billy'","'Brewer'","''","null","'2021-09-23T01:17:31.996114+00:00'","'2021-09-23T01:17:31.996114+00:00'"
"false","true","74","'Billy'","'Tohill'","''","null","'2021-09-23T01:17:31.996114+00:00'","'2021-09-23T01:17:31.996114+00:00'"
"false","true","75","'Blaine'","'McKusick'","''","null","'2021-09-23T01:17:31.996114+00:00'","'2021-09-23T01:17:31.996114+00:00'"
"false","true","76","'Bo'","'McMillin'","''","null","'2021-09-23T01:17:31.996114+00:00'","'2021-09-23T01:17:31.996114+00:00'"
"false","true","77","'Bo'","'Schembechler'","''","null","'2021-09-23T01:17:31.996114+00:00'","'2021-09-23T01:17:31.996114+00:00'"
"false","true","78","'Bob'","'DeMoss'","''","null","'2021-09-23T01:17:31.996114+00:00'","'2021-09-23T01:17:31.996114+00:00'"
"false","true","79","'Bob'","'Devaney'","''","null","'2021-09-23T01:17:31.996114+00:00'","'2021-09-23T01:17:31.996114+00:00'"
"false","true","80","'Bob'","'Hicks'","''","null","'2021-09-23T01:17:31.996114+00:00'","'2021-09-23T01:17:31.996114+00:00'"
"false","true","81","'Bob'","'Stoops'","''","null","'2021-09-23T01:17:31.996114+00:00'","'2021-09-23T01:17:31.996114+00:00'"
"false","true","82","'Bob'","'Sutton'","''","null","'2021-09-23T01:17:31.996114+00:00'","'2021-09-23T01:17:31.996114+00:00'"
"false","true","83","'Bob'","'Voights'","''","null","'2021-09-23T01:17:31.996114+00:00'","'2021-09-23T01:17:31.996114+00:00'"
"false","true","84","'Bob'","'Wagner'","''","null","'2021-09-23T01:17:31.996114+00:00'","'2021-09-23T01:17:31.996114+00:00'"
"false","true","85","'Bob'","'Zuppke'","''","null","'2021-09-23T01:17:31.996114+00:00'","'2021-09-23T01:17:31.996114+00:00'"
"false","true","86","'Bobby'","'Bowden'","''","null","'2021-09-23T01:17:31.996114+00:00'","'2021-09-23T01:17:31.996114+00:00'"
"false","true","87","'Bobby'","'Collins'","''","null","'2021-09-23T01:17:31.996114+00:00'","'2021-09-23T01:17:31.996114+00:00'"
"false","true","88","'Bobby'","'Dodd'","''","null","'2021-09-23T01:17:31.996114+00:00'","'2021-09-23T01:17:31.996114+00:00'"
"false","true","89","'Bobby'","'Petrino'","''","null","'2021-09-23T01:17:31.996114+00:00'","'2021-09-23T01:17:31.996114+00:00'"
"false","true","90","'Bobby'","'Ross'","''","null","'2021-09-23T01:17:31.996114+00:00'","'2021-09-23T01:17:31.996114+00:00'"
"false","true","91","'Bobby'","'Williams'","''","null","'2021-09-23T01:17:31.996114+00:00'","'2021-09-23T01:17:31.996114+00:00'"
"false","true","92","'Brady'","'Hoke'","''","null","'2021-09-23T01:17:31.996114+00:00'","'2021-09-23T01:17:31.996114+00:00'"
"false","true","93","'Brian'","'Polian'","''","null","'2021-09-23T01:17:31.996114+00:00'","'2021-09-23T01:17:31.996114+00:00'"
"false","true","94","'Bronco'","'Mendenhall'","''","null","'2021-09-23T01:17:31.996114+00:00'","'2021-09-23T01:17:31.996114+00:00'"
"false","true","95","'Bruce'","'Snyder'","''","null","'2021-09-23T01:17:31.996114+00:00'","'2021-09-23T01:17:31.996114+00:00'"
"false","true","96","'Bud'","'Carson'","''","null","'2021-09-23T01:17:31.996114+00:00'","'2021-09-23T01:17:31.996114+00:00'"
"false","true","97","'Bud'","'Wilkinson'","''","null","'2021-09-23T01:17:31.996114+00:00'","'2021-09-23T01:17:31.996114+00:00'"
"false","true","98","'Buddy'","'Teevens'","''","null","'2021-09-23T01:17:31.996114+00:00'","'2021-09-23T01:17:31.996114+00:00'"
"false","true","99","'Burt'","'Kennedy'","''","null","'2021-09-23T01:17:31.996114+00:00'","'2021-09-23T01:17:31.996114+00:00'"
"false","true","100","'Butch'","'Davis'","''","null","'2021-09-23T01:17:31.996114+00:00'","'2021-09-23T01:17:31.996114+00:00'"
"false","true","101","'Butch'","'Scanlon'","''","null","'2021-09-23T01:17:31.996114+00:00'","'2021-09-23T01:17:31.996114+00:00'"
"false","true","102","'C.J'","'Kenney'","''","null","'2021-09-23T01:17:31.996114+00:00'","'2021-09-23T01:17:31.996114+00:00'"
"false","true","103","'C.M.'","'Best'","''","null","'2021-09-23T01:17:31.996114+00:00'","'2021-09-23T01:17:31.996114+00:00'"
"false","true","104","'C.M.'","'Hollister'","''","null","'2021-09-23T01:17:31.996114+00:00'","'2021-09-23T01:17:31.996114+00:00'"
"false","true","105","'Carl'","'DePasqua'","''","null","'2021-09-23T01:17:31.996114+00:00'","'2021-09-23T01:17:31.996114+00:00'"
"false","true","106","'Carl'","'Peters'","''","null","'2021-09-23T01:17:31.996114+00:00'","'2021-09-23T01:17:31.996114+00:00'"
"false","true","107","'Carl'","'Selmer'","''","null","'2021-09-23T01:17:31.996114+00:00'","'2021-09-23T01:17:31.996114+00:00'"
"false","true","108","'Carl'","'Snavely'","''","null","'2021-09-23T01:17:31.996114+00:00'","'2021-09-23T01:17:31.996114+00:00'"
"false","true","109","'Cecil'","'Isbell'","''","null","'2021-09-23T01:17:31.996114+00:00'","'2021-09-23T01:17:31.996114+00:00'"
"false","true","110","'Chalmer'","'Woodward'","''","null","'2021-09-23T01:17:31.996114+00:00'","'2021-09-23T01:17:31.996114+00:00'"
"false","true","111","'Chan'","'Gailey'","''","null","'2021-09-23T01:17:31.996114+00:00'","'2021-09-23T01:17:31.996114+00:00'"
"false","true","112","'\'Charles \'\'Gus\'\'\''","'Dorais'","''","null","'2021-09-23T01:17:31.996114+00:00'","'2021-09-23T01:17:31.996114+00:00'"
"false","true","113","'Charles'","'Bemies'","''","null","'2021-09-23T01:17:31.996114+00:00'","'2021-09-23T01:17:31.996114+00:00'"
"false","true","114","'Charles'","'Daly'","''","null","'2021-09-23T01:17:31.996114+00:00'","'2021-09-23T01:17:31.996114+00:00'"
"false","true","115","'Charles'","'Fairweather'","''","null","'2021-09-23T01:17:31.996114+00:00'","'2021-09-23T01:17:31.996114+00:00'"
"false","true","116","'Charley'","'Pell'","''","null","'2021-09-23T01:17:31.996114+00:00'","'2021-09-23T01:17:31.996114+00:00'"
"false","true","117","'Charlie'","'McClendon'","''","null","'2021-09-23T01:17:31.996114+00:00'","'2021-09-23T01:17:31.996114+00:00'"
"false","true","118","'Charlie'","'Strong'","''","null","'2021-09-23T01:17:31.996114+00:00'","'2021-09-23T01:17:31.996114+00:00'"
"false","true","119","'Charlie'","'Tate'","''","null","'2021-09-23T01:17:31.996114+00:00'","'2021-09-23T01:17:31.996114+00:00'"
"false","true","120","'Charlie'","'Weatherbie'","''","null","'2021-09-23T01:17:31.996114+00:00'","'2021-09-23T01:17:31.996114+00:00'"
"false","true","121","'Chauncey'","'Berrien'","'L.'","null","'2021-09-23T01:17:31.996114+00:00'","'2021-09-23T01:17:31.996114+00:00'"
"false","true","122","'Chester'","'Brewer'","''","null","'2021-09-23T01:17:31.996114+00:00'","'2021-09-23T01:17:31.996114+00:00'"
"false","true","123","'Chris'","'Ault'","''","null","'2021-09-23T01:17:31.996114+00:00'","'2021-09-23T01:17:31.996114+00:00'"
"false","true","124","'Chuck'","'Amato'","''","null","'2021-09-23T01:17:31.996114+00:00'","'2021-09-23T01:17:31.996114+00:00'"
"false","true","125","'Chuck'","'Fairbanks'","''","null","'2021-09-23T01:17:31.996114+00:00'","'2021-09-23T01:17:31.996114+00:00'"
"false","true","126","'Chuck'","'Long'","''","null","'2021-09-23T01:17:31.996114+00:00'","'2021-09-23T01:17:31.996114+00:00'"
"false","true","127","'Chuck'","'Martin'","''","null","'2021-09-23T01:17:31.996114+00:00'","'2021-09-23T01:17:31.996114+00:00'"
"false","true","128","'Clarence'","'Herschberger'","''","null","'2021-09-23T01:17:31.996114+00:00'","'2021-09-23T01:17:31.996114+00:00'"
"false","true","129","'Clarence'","'McReavy'","''","null","'2021-09-23T01:17:31.996114+00:00'","'2021-09-23T01:17:31.996114+00:00'"
"false","true","130","'Clarence'","'Spears'","''","null","'2021-09-23T01:17:31.996114+00:00'","'2021-09-23T01:17:31.996114+00:00'"
"false","true","131","'Clark'","'Shaughnessy'","''","null","'2021-09-23T01:17:31.996114+00:00'","'2021-09-23T01:17:31.996114+00:00'"
"false","true","132","'Claude'","'Simons'","''","null","'2021-09-23T01:17:31.996114+00:00'","'2021-09-23T01:17:31.996114+00:00'"
"false","true","133","'Clay'","'Helton'","''","null","'2021-09-23T01:17:31.996114+00:00'","'2021-09-23T01:17:31.996114+00:00'"
"false","true","134","'Clem'","'Crowe'","''","null","'2021-09-23T01:17:31.996114+00:00'","'2021-09-23T01:17:31.996114+00:00'"
"false","true","135","'Clyde'","'Smith'","''","null","'2021-09-23T01:17:31.996114+00:00'","'2021-09-23T01:17:31.996114+00:00'"
"false","true","136","'Coach'","'Atwood'","''","null","'2021-09-23T01:17:31.996114+00:00'","'2021-09-23T01:17:31.996114+00:00'"
"false","true","137","'Coach'","'Gage'","''","null","'2021-09-23T01:17:31.996114+00:00'","'2021-09-23T01:17:31.996114+00:00'"
"false","true","138","'Coach'","'Howe'","''","null","'2021-09-23T01:17:31.996114+00:00'","'2021-09-23T01:17:31.996114+00:00'"
"false","true","139","'Coach'","'Jacobs'","''","null","'2021-09-23T01:17:31.996114+00:00'","'2021-09-23T01:17:31.996114+00:00'"
"false","true","140","'D.'","'Pickett'","''","null","'2021-09-23T01:17:31.996114+00:00'","'2021-09-23T01:17:31.996114+00:00'"
"false","true","141","'D.H.'","'Jackson'","''","null","'2021-09-23T01:17:31.996114+00:00'","'2021-09-23T01:17:31.996114+00:00'"
"false","true","142","'D.M.'","'Balliet'","''","null","'2021-09-23T01:17:31.996114+00:00'","'2021-09-23T01:17:31.996114+00:00'"
"false","true","143","'Dabo'","'Swinney'","''","null","'2021-09-23T01:17:31.996114+00:00'","'2021-09-23T01:17:31.996114+00:00'"
"false","true","144","'Dan'","'Henning'","''","null","'2021-09-23T01:17:31.996114+00:00'","'2021-09-23T01:17:31.996114+00:00'"
"false","true","145","'Dan'","'Reed'","''","null","'2021-09-23T01:17:31.996114+00:00'","'2021-09-23T01:17:31.996114+00:00'"
"false","true","146","'Dan'","'Savage'","''","null","'2021-09-23T01:17:31.996114+00:00'","'2021-09-23T01:17:31.996114+00:00'"
"false","true","147","'Danny'","'Ford'","''","null","'2021-09-23T01:17:31.996114+00:00'","'2021-09-23T01:17:31.996114+00:00'"
"false","true","148","'Danny'","'Hope'","''","null","'2021-09-23T01:17:31.996114+00:00'","'2021-09-23T01:17:31.996114+00:00'"
"false","true","149","'Darrell'","'Hazell'","''","null","'2021-09-23T01:17:31.996114+00:00'","'2021-09-23T01:17:31.996114+00:00'"
"false","true","150","'Darrell'","'Royal'","''","null","'2021-09-23T01:17:31.996114+00:00'","'2021-09-23T01:17:31.996114+00:00'"
"false","true","151","'Darryl'","'Rogers'","''","null","'2021-09-23T01:17:31.996114+00:00'","'2021-09-23T01:17:31.996114+00:00'"
"false","true","152","'Dave'","'Allerdice'","''","null","'2021-09-23T01:17:31.996114+00:00'","'2021-09-23T01:17:31.996114+00:00'"
"false","true","153","'Dave'","'Clawson'","''","null","'2021-09-23T01:17:31.996114+00:00'","'2021-09-23T01:17:31.996114+00:00'"
"false","true","154","'Dave'","'Doeren'","''","null","'2021-09-23T01:17:31.996114+00:00'","'2021-09-23T01:17:31.996114+00:00'"
"false","true","155","'Dave'","'Roberts'","''","null","'2021-09-23T01:17:31.996114+00:00'","'2021-09-23T01:17:31.996114+00:00'"
"false","true","156","'Dave'","'Wannstedt'","''","null","'2021-09-23T01:17:31.996114+00:00'","'2021-09-23T01:17:31.996114+00:00'"
"false","true","157","'David'","'Bailiff'","''","null","'2021-09-23T01:17:31.996114+00:00'","'2021-09-23T01:17:31.996114+00:00'"
"false","true","158","'David'","'Cutcliffe'","''","null","'2021-09-23T01:17:31.996114+00:00'","'2021-09-23T01:17:31.996114+00:00'"
"false","true","159","'David'","'Hart'","''","null","'2021-09-23T01:17:31.996114+00:00'","'2021-09-23T01:17:31.996114+00:00'"
"false","true","160","'David'","'Shaw'","''","null","'2021-09-23T01:17:31.996114+00:00'","'2021-09-23T01:17:31.996114+00:00'"
"false","true","161","'Dennis'","'Erickson'","''","null","'2021-09-23T01:17:31.996114+00:00'","'2021-09-23T01:17:31.996114+00:00'"
"false","true","162","'Dennis'","'Green'","''","null","'2021-09-23T01:17:31.996114+00:00'","'2021-09-23T01:17:31.996114+00:00'"
"false","true","163","'Denny'","'Stolz'","''","null","'2021-09-23T01:17:31.996114+00:00'","'2021-09-23T01:17:31.996114+00:00'"
"false","true","164","'Derek'","'Mason'","''","null","'2021-09-23T01:17:31.996114+00:00'","'2021-09-23T01:17:31.996114+00:00'"
"false","true","165","'Dick'","'Hanley'","''","null","'2021-09-23T01:17:31.996114+00:00'","'2021-09-23T01:17:31.996114+00:00'"
"false","true","166","'Dino'","'Babers'","''","null","'2021-09-23T01:17:31.996114+00:00'","'2021-09-23T01:17:31.996114+00:00'"
"false","true","167","'Don'","'Clark'","''","null","'2021-09-23T01:17:31.996114+00:00'","'2021-09-23T01:17:31.996114+00:00'"
"false","true","168","'Don'","'Faurot'","''","null","'2021-09-23T01:17:31.996114+00:00'","'2021-09-23T01:17:31.996114+00:00'"
"false","true","169","'Don'","'Nehlen'","''","null","'2021-09-23T01:17:31.996114+00:00'","'2021-09-23T01:17:31.996114+00:00'"
"false","true","170","'Don'","'Read'","''","null","'2021-09-23T01:17:31.996114+00:00'","'2021-09-23T01:17:31.996114+00:00'"
"false","true","171","'Duffy'","'Daugherty'","''","null","'2021-09-23T01:17:31.996114+00:00'","'2021-09-23T01:17:31.996114+00:00'"
"false","true","172","'Dutch'","'Clark'","''","null","'2021-09-23T01:17:31.996114+00:00'","'2021-09-23T01:17:31.996114+00:00'"
"false","true","173","'E.E.'","'Bearg'","''","null","'2021-09-23T01:17:31.996114+00:00'","'2021-09-23T01:17:31.996114+00:00'"
"false","true","174","'E.J.'","'Stewart'","''","null","'2021-09-23T01:17:31.996114+00:00'","'2021-09-23T01:17:31.996114+00:00'"
"false","true","175","'Earl'","'Blaik'","''","null","'2021-09-23T01:17:31.996114+00:00'","'2021-09-23T01:17:31.996114+00:00'"
"false","true","176","'Earl'","'Brown'","''","null","'2021-09-23T01:17:31.996114+00:00'","'2021-09-23T01:17:31.996114+00:00'"
"false","true","177","'Earle'","'Hayes'","''","null","'2021-09-23T01:17:31.996114+00:00'","'2021-09-23T01:17:31.996114+00:00'"
"false","true","178","'Ed'","'Cavanaugh'","''","null","'2021-09-23T01:17:31.996114+00:00'","'2021-09-23T01:17:31.996114+00:00'"
"false","true","179","'Ed'","'Orgeron'","''","null","'2021-09-23T01:17:31.996114+00:00'","'2021-09-23T01:17:31.996114+00:00'"
"false","true","180","'Ed'","'Price'","''","null","'2021-09-23T01:17:31.996114+00:00'","'2021-09-23T01:17:31.996114+00:00'"
"false","true","181","'Eddie'","'Anderson'","''","null","'2021-09-23T01:17:31.996114+00:00'","'2021-09-23T01:17:31.996114+00:00'"
"false","true","182","'Eddie'","'Erdelatz'","''","null","'2021-09-23T01:17:31.996114+00:00'","'2021-09-23T01:17:31.996114+00:00'"
"false","true","183","'Edward'","'Baker'","''","null","'2021-09-23T01:17:31.996114+00:00'","'2021-09-23T01:17:31.996114+00:00'"
"false","true","184","'Elliot'","'Uzelac'","''","null","'2021-09-23T01:17:31.996114+00:00'","'2021-09-23T01:17:31.996114+00:00'"
"false","true","185","'Elmer'","'McDevitt'","''","null","'2021-09-23T01:17:31.996114+00:00'","'2021-09-23T01:17:31.996114+00:00'"
"false","true","186","'Evan'","'Williams'","''","null","'2021-09-23T01:17:31.996114+00:00'","'2021-09-23T01:17:31.996114+00:00'"
"false","true","187","'Fielding'","'Yost'","''","null","'2021-09-23T01:17:31.996114+00:00'","'2021-09-23T01:17:31.996114+00:00'"
"false","true","188","'Fisher'","'DeBerry'","''","null","'2021-09-23T01:17:31.996114+00:00'","'2021-09-23T01:17:31.996114+00:00'"
"false","true","189","'Foge'","'Fazio'","''","null","'2021-09-23T01:17:31.996114+00:00'","'2021-09-23T01:17:31.996114+00:00'"
"false","true","190","'Forest'","'Evashevski'","''","null","'2021-09-23T01:17:31.996114+00:00'","'2021-09-23T01:17:31.996114+00:00'"
"false","true","191","'Forrest'","'Gregg'","''","null","'2021-09-23T01:17:31.996114+00:00'","'2021-09-23T01:17:31.996114+00:00'"
"false","true","192","'Fran'","'Curci'","''","null","'2021-09-23T01:17:31.996114+00:00'","'2021-09-23T01:17:31.996114+00:00'"
"false","true","193","'Francis'","'Cayou'","''","null","'2021-09-23T01:17:31.996114+00:00'","'2021-09-23T01:17:31.996114+00:00'"
"false","true","194","'Francis'","'Schmidt'","''","null","'2021-09-23T01:17:31.996114+00:00'","'2021-09-23T01:17:31.996114+00:00'"
"false","true","195","'Frank'","'Bridges'","''","null","'2021-09-23T01:17:31.996114+00:00'","'2021-09-23T01:17:31.996114+00:00'"
"false","true","196","'Frank'","'Dennie'","''","null","'2021-09-23T01:17:31.996114+00:00'","'2021-09-23T01:17:31.996114+00:00'"
"false","true","197","'Frank'","'Haggerty'","''","null","'2021-09-23T01:17:31.996114+00:00'","'2021-09-23T01:17:31.996114+00:00'"
"false","true","198","'Frank'","'Hinkey'","''","null","'2021-09-23T01:17:31.996114+00:00'","'2021-09-23T01:17:31.996114+00:00'"
"false","true","199","'Frank'","'O'Neill'","''","null","'2021-09-23T01:17:31.996114+00:00'","'2021-09-23T01:17:31.996114+00:00'"
"false","true","200","'Frank'","'Solich'","''","null","'2021-09-23T01:17:31.996114+00:00'","'2021-09-23T01:17:31.996114+00:00'"
"false","true","201","'Frank'","'Sommer'","''","null","'2021-09-23T01:17:31.996114+00:00'","'2021-09-23T01:17:31.996114+00:00'"
"false","true","202","'Frank'","'Spaziani'","''","null","'2021-09-23T01:17:31.996114+00:00'","'2021-09-23T01:17:31.996114+00:00'"
"false","true","203","'Frank'","'Waters'","''","null","'2021-09-23T01:17:31.996114+00:00'","'2021-09-23T01:17:31.996114+00:00'"
"false","true","204","'Fred'","'Akers'","''","null","'2021-09-23T01:17:31.996114+00:00'","'2021-09-23T01:17:31.996114+00:00'"
"false","true","205","'Fred'","'Dawson'","''","null","'2021-09-23T01:17:31.996114+00:00'","'2021-09-23T01:17:31.996114+00:00'"
"false","true","206","'Fred'","'Walker'","'M.'","null","'2021-09-23T01:17:31.996114+00:00'","'2021-09-23T01:17:31.996114+00:00'"
"false","true","207","'Fred'","'von Appen'","''","null","'2021-09-23T01:17:31.996114+00:00'","'2021-09-23T01:17:31.996114+00:00'"
"false","true","208","'Fritz'","'Crisler'","''","null","'2021-09-23T01:17:31.996114+00:00'","'2021-09-23T01:17:31.996114+00:00'"
"false","true","209","'Gar'","'Davidson'","''","null","'2021-09-23T01:17:31.996114+00:00'","'2021-09-23T01:17:31.996114+00:00'"
"false","true","210","'Gary'","'Barnett'","''","null","'2021-09-23T01:17:31.996114+00:00'","'2021-09-23T01:17:31.996114+00:00'"
"false","true","211","'Gary'","'Crowton'","''","null","'2021-09-23T01:17:31.996114+00:00'","'2021-09-23T01:17:31.996114+00:00'"
"false","true","212","'Gary'","'Moeller'","''","null","'2021-09-23T01:17:31.996114+00:00'","'2021-09-23T01:17:31.996114+00:00'"
"false","true","213","'Gary'","'Tranquill'","''","null","'2021-09-23T01:17:31.996114+00:00'","'2021-09-23T01:17:31.996114+00:00'"
"false","true","214","'Geoff'","'Collins'","''","null","'2021-09-23T01:17:31.996114+00:00'","'2021-09-23T01:17:31.996114+00:00'"
"false","true","215","'Geoffrey'","'Keyes'","''","null","'2021-09-23T01:17:31.996114+00:00'","'2021-09-23T01:17:31.996114+00:00'"
"false","true","216","'George'","'Barclay'","''","null","'2021-09-23T01:17:31.996114+00:00'","'2021-09-23T01:17:31.996114+00:00'"
"false","true","217","'George'","'Chaump'","''","null","'2021-09-23T01:17:31.996114+00:00'","'2021-09-23T01:17:31.996114+00:00'"
"false","true","218","'George'","'Clark'","''","null","'2021-09-23T01:17:31.996114+00:00'","'2021-09-23T01:17:31.996114+00:00'"
"false","true","219","'George'","'Denman'","''","null","'2021-09-23T01:17:31.996114+00:00'","'2021-09-23T01:17:31.996114+00:00'"
"false","true","220","'George'","'Gauthier'","''","null","'2021-09-23T01:17:31.996114+00:00'","'2021-09-23T01:17:31.996114+00:00'"
"false","true","221","'George'","'Huff'","''","null","'2021-09-23T01:17:31.996114+00:00'","'2021-09-23T01:17:31.996114+00:00'"
"false","true","222","'George'","'Keogan'","''","null","'2021-09-23T01:17:31.996114+00:00'","'2021-09-23T01:17:31.996114+00:00'"
"false","true","223","'George'","'Munger'","''","null","'2021-09-23T01:17:31.996114+00:00'","'2021-09-23T01:17:31.996114+00:00'"
"false","true","224","'George'","'O'Brien'","''","null","'2021-09-23T01:17:31.996114+00:00'","'2021-09-23T01:17:31.996114+00:00'"
"false","true","225","'George'","'O'Leary'","''","null","'2021-09-23T01:17:31.996114+00:00'","'2021-09-23T01:17:31.996114+00:00'"
"false","true","226","'George'","'Perles'","''","null","'2021-09-23T01:17:31.996114+00:00'","'2021-09-23T01:17:31.996114+00:00'"
"false","true","227","'George'","'Sanford'","''","null","'2021-09-23T01:17:31.996114+00:00'","'2021-09-23T01:17:31.996114+00:00'"
"false","true","228","'George'","'Sauer'","''","null","'2021-09-23T01:17:31.996114+00:00'","'2021-09-23T01:17:31.996114+00:00'"
"false","true","229","'George'","'Welsh'","''","null","'2021-09-23T01:17:31.996114+00:00'","'2021-09-23T01:17:31.996114+00:00'"
"false","true","230","'Gerry'","'Dinardo'","''","null","'2021-09-23T01:17:31.996114+00:00'","'2021-09-23T01:17:31.996114+00:00'"
"false","true","231","'\'Glenn \'\'Pop\'\'\''","'Warner'","''","null","'2021-09-23T01:17:31.996114+00:00'","'2021-09-23T01:17:31.996114+00:00'"
"false","true","232","'Glenn'","'Thistlethwaite'","''","null","'2021-09-23T01:17:31.996114+00:00'","'2021-09-23T01:17:31.996114+00:00'"
"false","true","233","'Greg'","'McMackin'","''","null","'2021-09-23T01:17:31.996114+00:00'","'2021-09-23T01:17:31.996114+00:00'"
"false","true","234","'Greg'","'Robinson'","''","null","'2021-09-23T01:17:31.996114+00:00'","'2021-09-23T01:17:31.996114+00:00'"
"false","true","235","'Greg'","'Schiano'","''","null","'2021-09-23T01:17:31.996114+00:00'","'2021-09-23T01:17:31.996114+00:00'"
"false","true","236","'Gustave'","'Ferbert'","''","null","'2021-09-23T01:17:31.996114+00:00'","'2021-09-23T01:17:31.996114+00:00'"
"false","true","237","'H.'","'Schnellenberger'","''","null","'2021-09-23T01:17:31.996114+00:00'","'2021-09-23T01:17:31.996114+00:00'"
"false","true","238","'H.F.'","'Schulte'","''","null","'2021-09-23T01:17:31.996114+00:00'","'2021-09-23T01:17:31.996114+00:00'"
"false","true","239","'H.N.'","'Russell'","''","null","'2021-09-23T01:17:31.996114+00:00'","'2021-09-23T01:17:31.996114+00:00'"
"false","true","240","'Hank'","'Hardwick'","''","null","'2021-09-23T01:17:31.996114+00:00'","'2021-09-23T01:17:31.996114+00:00'"
"false","true","241","'Harlan'","'Page'","''","null","'2021-09-23T01:17:31.996114+00:00'","'2021-09-23T01:17:31.996114+00:00'"
"false","true","242","'Harold'","'Iddings'","''","null","'2021-09-23T01:17:31.996114+00:00'","'2021-09-23T01:17:31.996114+00:00'"
"false","true","243","'Harry'","'Stuhldreher'","''","null","'2021-09-23T01:17:31.996114+00:00'","'2021-09-23T01:17:31.996114+00:00'"
"false","true","244","'Harry'","'Towne'","''","null","'2021-09-23T01:17:31.996114+00:00'","'2021-09-23T01:17:31.996114+00:00'"
"false","true","245","'Harvey'","'Harman'","''","null","'2021-09-23T01:17:31.996114+00:00'","'2021-09-23T01:17:31.996114+00:00'"
"false","true","246","'Henry'","'Frnka'","''","null","'2021-09-23T01:17:31.996114+00:00'","'2021-09-23T01:17:31.996114+00:00'"
"false","true","247","'Henry'","'Hall'","''","null","'2021-09-23T01:17:31.996114+00:00'","'2021-09-23T01:17:31.996114+00:00'"
"false","true","248","'Henry'","'Keep'","''","null","'2021-09-23T01:17:31.996114+00:00'","'2021-09-23T01:17:31.996114+00:00'"
"false","true","249","'Herbert'","'Reed'","'C.'","null","'2021-09-23T01:17:31.996114+00:00'","'2021-09-23T01:17:31.996114+00:00'"
"false","true","250","'Herbert'","'Huebel'","''","null","'2021-09-23T01:17:31.996114+00:00'","'2021-09-23T01:17:31.996114+00:00'"
"false","true","251","'Heze'","'Clark'","''","null","'2021-09-23T01:17:31.996114+00:00'","'2021-09-23T01:17:31.996114+00:00'"
"false","true","252","'Homer'","'Smith'","''","null","'2021-09-23T01:17:31.996114+00:00'","'2021-09-23T01:17:31.996114+00:00'"
"false","true","253","'Howard'","'Harpster'","''","null","'2021-09-23T01:17:31.996114+00:00'","'2021-09-23T01:17:31.996114+00:00'"
"false","true","254","'Howard'","'Jones'","''","null","'2021-09-23T01:17:31.996114+00:00'","'2021-09-23T01:17:31.996114+00:00'"
"false","true","255","'Howard'","'Odell'","''","null","'2021-09-23T01:17:31.996114+00:00'","'2021-09-23T01:17:31.996114+00:00'"
"false","true","256","'Hugo'","'Bezdek'","''","null","'2021-09-23T01:17:31.996114+00:00'","'2021-09-23T01:17:31.996114+00:00'"
"false","true","257","'Ion'","'Cortright'","'J.'","null","'2021-09-23T01:17:31.996114+00:00'","'2021-09-23T01:17:31.996114+00:00'"
"false","true","258","'Jack'","'Bicknell'","''","null","'2021-09-23T01:17:31.996114+00:00'","'2021-09-23T01:17:31.996114+00:00'"
"false","true","259","'Jack'","'Chevigny'","''","null","'2021-09-23T01:17:31.996114+00:00'","'2021-09-23T01:17:31.996114+00:00'"
"false","true","260","'Jack'","'Elway'","''","null","'2021-09-23T01:17:31.996114+00:00'","'2021-09-23T01:17:31.996114+00:00'"
"false","true","261","'Jack'","'Mollenkopf'","''","null","'2021-09-23T01:17:31.996114+00:00'","'2021-09-23T01:17:31.996114+00:00'"
"false","true","262","'Jack'","'Ryan'","''","null","'2021-09-23T01:17:31.996114+00:00'","'2021-09-23T01:17:31.996114+00:00'"
"false","true","263","'Jackie'","'Sherrill'","''","null","'2021-09-23T01:17:31.996114+00:00'","'2021-09-23T01:17:31.996114+00:00'"
"false","true","264","'James'","'Henry'","'H.'","null","'2021-09-23T01:17:31.996114+00:00'","'2021-09-23T01:17:31.996114+00:00'"
"false","true","265","'James'","'Henderson'","''","null","'2021-09-23T01:17:31.996114+00:00'","'2021-09-23T01:17:31.996114+00:00'"
"false","true","266","'James'","'Herron'","''","null","'2021-09-23T01:17:31.996114+00:00'","'2021-09-23T01:17:31.996114+00:00'"
"false","true","267","'James'","'Horne'","''","null","'2021-09-23T01:17:31.996114+00:00'","'2021-09-23T01:17:31.996114+00:00'"
"false","true","268","'James'","'Saunderson'","'M.'","null","'2021-09-23T01:17:31.996114+00:00'","'2021-09-23T01:17:31.996114+00:00'"
"false","true","269","'James'","'Ashmore'","'N.'","null","'2021-09-23T01:17:31.996114+00:00'","'2021-09-23T01:17:31.996114+00:00'"
"false","true","270","'James'","'Phelan'","''","null","'2021-09-23T01:17:31.996114+00:00'","'2021-09-23T01:17:31.996114+00:00'"
"false","true","271","'James'","'Sheldon'","''","null","'2021-09-23T01:17:31.996114+00:00'","'2021-09-23T01:17:31.996114+00:00'"
"false","true","272","'Jeff'","'Cravath'","''","null","'2021-09-23T01:17:31.996114+00:00'","'2021-09-23T01:17:31.996114+00:00'"
"false","true","273","'Jeff'","'Hafley'","''","null","'2021-09-23T01:17:31.996114+00:00'","'2021-09-23T01:17:31.996114+00:00'"
"false","true","274","'Jeff'","'Jagodzinski'","''","null","'2021-09-23T01:17:31.996114+00:00'","'2021-09-23T01:17:31.996114+00:00'"
"false","true","275","'Jeff'","'Monken'","''","null","'2021-09-23T01:17:31.996114+00:00'","'2021-09-23T01:17:31.996114+00:00'"
"false","true","276","'Jeff'","'Scott'","''","null","'2021-09-23T01:17:31.996114+00:00'","'2021-09-23T01:17:31.996114+00:00'"
"false","true","277","'Jeff'","'Stoutland'","''","null","'2021-09-23T01:17:31.996114+00:00'","'2021-09-23T01:17:31.996114+00:00'"
"false","true","278","'Jerry'","'Berndt'","''","null","'2021-09-23T01:17:31.996114+00:00'","'2021-09-23T01:17:31.996114+00:00'"
"false","true","279","'Jerry'","'Burns'","''","null","'2021-09-23T01:17:31.996114+00:00'","'2021-09-23T01:17:31.996114+00:00'"
"false","true","280","'Jerry'","'Stovall'","''","null","'2021-09-23T01:17:31.996114+00:00'","'2021-09-23T01:17:31.996114+00:00'"
"false","true","281","'Jess'","'Hill'","''","null","'2021-09-23T01:17:31.996114+00:00'","'2021-09-23T01:17:31.996114+00:00'"
"false","true","282","'Jim'","'Carlen'","''","null","'2021-09-23T01:17:31.996114+00:00'","'2021-09-23T01:17:31.996114+00:00'"
"false","true","283","'Jim'","'Colletto'","''","null","'2021-09-23T01:17:31.996114+00:00'","'2021-09-23T01:17:31.996114+00:00'"
"false","true","284","'Jim'","'Grobe'","''","null","'2021-09-23T01:17:31.996114+00:00'","'2021-09-23T01:17:31.996114+00:00'"
"false","true","285","'Jim'","'Harbaugh'","''","null","'2021-09-23T01:17:31.996114+00:00'","'2021-09-23T01:17:31.996114+00:00'"
"false","true","286","'Jim'","'Hickey'","''","null","'2021-09-23T01:17:31.996114+00:00'","'2021-09-23T01:17:31.996114+00:00'"
"false","true","287","'Jim'","'Lambright'","''","null","'2021-09-23T01:17:31.996114+00:00'","'2021-09-23T01:17:31.996114+00:00'"
"false","true","288","'Jim'","'Mackenzie'","''","null","'2021-09-23T01:17:31.996114+00:00'","'2021-09-23T01:17:31.996114+00:00'"
"false","true","289","'Jim'","'Pittman'","''","null","'2021-09-23T01:17:31.996114+00:00'","'2021-09-23T01:17:31.996114+00:00'"
"false","true","290","'Jim'","'Tatum'","''","null","'2021-09-23T01:17:31.996114+00:00'","'2021-09-23T01:17:31.996114+00:00'"
"false","true","291","'Jim'","'Tressel'","''","null","'2021-09-23T01:17:31.996114+00:00'","'2021-09-23T01:17:31.996114+00:00'"
"false","true","292","'Jim'","'Valek'","''","null","'2021-09-23T01:17:31.996114+00:00'","'2021-09-23T01:17:31.996114+00:00'"
"false","true","293","'Jim'","'Young'","''","null","'2021-09-23T01:17:31.996114+00:00'","'2021-09-23T01:17:31.996114+00:00'"
"false","true","294","'Jimbo'","'Fisher'","''","null","'2021-09-23T01:17:31.996114+00:00'","'2021-09-23T01:17:31.996114+00:00'"
"false","true","295","'Jimmy'","'Conzelman'","''","null","'2021-09-23T01:17:31.996114+00:00'","'2021-09-23T01:17:31.996114+00:00'"
"false","true","296","'Jimmy'","'Johnson'","''","null","'2021-09-23T01:17:31.996114+00:00'","'2021-09-23T01:17:31.996114+00:00'"
"false","true","297","'Jock'","'Sutherland'","''","null","'2021-09-23T01:17:31.996114+00:00'","'2021-09-23T01:17:31.996114+00:00'"
"false","true","298","'Joe'","'Morrison'","''","null","'2021-09-23T01:17:31.996114+00:00'","'2021-09-23T01:17:31.996114+00:00'"
"false","true","299","'Joe'","'Paterno'","''","null","'2021-09-23T01:17:31.996114+00:00'","'2021-09-23T01:17:31.996114+00:00'"
"false","true","300","'Joe'","'Tiller'","''","null","'2021-09-23T01:17:31.996114+00:00'","'2021-09-23T01:17:31.996114+00:00'"
"false","true","301","'John'","'Bunting'","''","null","'2021-09-23T01:17:31.996114+00:00'","'2021-09-23T01:17:31.996114+00:00'"
"false","true","302","'John'","'Cooper'","''","null","'2021-09-23T01:17:31.996114+00:00'","'2021-09-23T01:17:31.996114+00:00'"
"false","true","303","'John'","'Hollister'","''","null","'2021-09-23T01:17:31.996114+00:00'","'2021-09-23T01:17:31.996114+00:00'"
"false","true","304","'John'","'Smith'","'L.'","null","'2021-09-23T01:17:31.996114+00:00'","'2021-09-23T01:17:31.996114+00:00'"
"false","true","305","'John'","'Mackovic'","''","null","'2021-09-23T01:17:31.996114+00:00'","'2021-09-23T01:17:31.996114+00:00'"
"false","true","306","'John'","'McEwan'","''","null","'2021-09-23T01:17:31.996114+00:00'","'2021-09-23T01:17:31.996114+00:00'"
"false","true","307","'John'","'McKay'","''","null","'2021-09-23T01:17:31.996114+00:00'","'2021-09-23T01:17:31.996114+00:00'"
"false","true","308","'John'","'McLean'","''","null","'2021-09-23T01:17:31.996114+00:00'","'2021-09-23T01:17:31.996114+00:00'"
"false","true","309","'John'","'Michelosen'","''","null","'2021-09-23T01:17:31.996114+00:00'","'2021-09-23T01:17:31.996114+00:00'"
"false","true","310","'John'","'Pont'","''","null","'2021-09-23T01:17:31.996114+00:00'","'2021-09-23T01:17:31.996114+00:00'"
"false","true","311","'John'","'Ralston'","''","null","'2021-09-23T01:17:31.996114+00:00'","'2021-09-23T01:17:31.996114+00:00'"
"false","true","312","'John'","'Richards'","''","null","'2021-09-23T01:17:31.996114+00:00'","'2021-09-23T01:17:31.996114+00:00'"
"false","true","313","'John'","'Robinson'","''","null","'2021-09-23T01:17:31.996114+00:00'","'2021-09-23T01:17:31.996114+00:00'"
"false","true","314","'Johnny'","'Majors'","''","null","'2021-09-23T01:17:31.996114+00:00'","'2021-09-23T01:17:31.996114+00:00'"
"false","true","315","'Joseph'","'Thompson'","''","null","'2021-09-23T01:17:31.996114+00:00'","'2021-09-23T01:17:31.996114+00:00'"
"false","true","316","'Joseph'","'Yukica'","''","null","'2021-09-23T01:17:31.996114+00:00'","'2021-09-23T01:17:31.996114+00:00'"
"false","true","317","'Jumbo'","'Stiehm'","''","null","'2021-09-23T01:17:31.996114+00:00'","'2021-09-23T01:17:31.996114+00:00'"
"false","true","318","'Justin'","'Fuente'","''","null","'2021-09-23T01:17:31.996114+00:00'","'2021-09-23T01:17:31.996114+00:00'"
"false","true","319","'Karl'","'Dorrell'","''","null","'2021-09-23T01:17:31.996114+00:00'","'2021-09-23T01:17:31.996114+00:00'"
"false","true","320","'Keith'","'Gilbertson'","''","null","'2021-09-23T01:17:31.996114+00:00'","'2021-09-23T01:17:31.996114+00:00'"
"false","true","321","'Ken'","'Cooper'","''","null","'2021-09-23T01:17:31.996114+00:00'","'2021-09-23T01:17:31.996114+00:00'"
"false","true","322","'Ken'","'Hatfield'","''","null","'2021-09-23T01:17:31.996114+00:00'","'2021-09-23T01:17:31.996114+00:00'"
"false","true","323","'Ken'","'Niumatalolo'","''","null","'2021-09-23T01:17:31.996114+00:00'","'2021-09-23T01:17:31.996114+00:00'"
"false","true","324","'Kirby'","'Smart'","''","null","'2021-09-23T01:17:31.996114+00:00'","'2021-09-23T01:17:31.996114+00:00'"
"false","true","325","'Kyle'","'Flood'","''","null","'2021-09-23T01:17:31.996114+00:00'","'2021-09-23T01:17:31.996114+00:00'"
"false","true","326","'Kyle'","'Whittingham'","''","null","'2021-09-23T01:17:31.996114+00:00'","'2021-09-23T01:17:31.996114+00:00'"
"false","true","327","'L.'","'Raffensperger'","''","null","'2021-09-23T01:17:31.996114+00:00'","'2021-09-23T01:17:31.996114+00:00'"
"false","true","328","'L.C.'","'Turner'","''","null","'2021-09-23T01:17:31.996114+00:00'","'2021-09-23T01:17:31.996114+00:00'"
"false","true","329","'Lane'","'Kiffin'","''","null","'2021-09-23T01:17:31.996114+00:00'","'2021-09-23T01:17:31.996114+00:00'"
"false","true","330","'\'Langdon \'\'Biff\'\'\''","'Lea'","''","null","'2021-09-23T01:17:31.996114+00:00'","'2021-09-23T01:17:31.996114+00:00'"
"false","true","331","'Larry'","'Fedora'","''","null","'2021-09-23T01:17:31.996114+00:00'","'2021-09-23T01:17:31.996114+00:00'"
"false","true","332","'Larry'","'Smith'","''","null","'2021-09-23T01:17:31.996114+00:00'","'2021-09-23T01:17:31.996114+00:00'"
"false","true","333","'Lavell'","'Edwards'","''","null","'2021-09-23T01:17:31.996114+00:00'","'2021-09-23T01:17:31.996114+00:00'"
"false","true","334","'Len'","'Casanova'","''","null","'2021-09-23T01:17:31.996114+00:00'","'2021-09-23T01:17:31.996114+00:00'"
"false","true","335","'Leon'","'Burtnett'","''","null","'2021-09-23T01:17:31.996114+00:00'","'2021-09-23T01:17:31.996114+00:00'"
"false","true","336","'Les'","'Miles'","''","null","'2021-09-23T01:17:31.996114+00:00'","'2021-09-23T01:17:31.996114+00:00'"
"false","true","337","'Lloyd'","'Carr'","''","null","'2021-09-23T01:17:31.996114+00:00'","'2021-09-23T01:17:31.996114+00:00'"
"false","true","338","'Lou'","'Saban'","''","null","'2021-09-23T01:17:31.996114+00:00'","'2021-09-23T01:17:31.996114+00:00'"
"false","true","339","'Lowell'","'Dawson'","''","null","'2021-09-23T01:17:31.996114+00:00'","'2021-09-23T01:17:31.996114+00:00'"
"false","true","340","'Ludlow'","'Wray'","''","null","'2021-09-23T01:17:31.996114+00:00'","'2021-09-23T01:17:31.996114+00:00'"
"false","true","341","'M.E.'","'Witham'","''","null","'2021-09-23T01:17:31.996114+00:00'","'2021-09-23T01:17:31.996114+00:00'"
"false","true","342","'M.J.'","'Bradshaw'","''","null","'2021-09-23T01:17:31.996114+00:00'","'2021-09-23T01:17:31.996114+00:00'"
"false","true","343","'Mack'","'Brown'","''","null","'2021-09-23T01:17:31.996114+00:00'","'2021-09-23T01:17:31.996114+00:00'"
"false","true","344","'Mal'","'Elward'","''","null","'2021-09-23T01:17:31.996114+00:00'","'2021-09-23T01:17:31.996114+00:00'"
"false","true","345","'Marchy'","'Schwartz'","''","null","'2021-09-23T01:17:31.996114+00:00'","'2021-09-23T01:17:31.996114+00:00'"
"false","true","346","'Mark'","'Dantonio'","''","null","'2021-09-23T01:17:31.996114+00:00'","'2021-09-23T01:17:31.996114+00:00'"
"false","true","347","'Mark'","'Richt'","''","null","'2021-09-23T01:17:31.996114+00:00'","'2021-09-23T01:17:31.996114+00:00'"
"false","true","348","'Mark'","'Whipple'","''","null","'2021-09-23T01:17:31.996114+00:00'","'2021-09-23T01:17:31.996114+00:00'"
"false","true","349","'Marv'","'Levy'","''","null","'2021-09-23T01:17:31.996114+00:00'","'2021-09-23T01:17:31.996114+00:00'"
"false","true","350","'Matt'","'Campbell'","''","null","'2021-09-23T01:17:31.996114+00:00'","'2021-09-23T01:17:31.996114+00:00'"
"false","true","351","'Matt'","'Rhule'","''","null","'2021-09-23T01:17:31.996114+00:00'","'2021-09-23T01:17:31.996114+00:00'"
"false","true","352","'Matty'","'Bell'","''","null","'2021-09-23T01:17:31.996114+00:00'","'2021-09-23T01:17:31.996114+00:00'"
"false","true","353","'Maynard'","'Street'","''","null","'2021-09-23T01:17:31.996114+00:00'","'2021-09-23T01:17:31.996114+00:00'"
"false","true","354","'Mike'","'Gottfried'","''","null","'2021-09-23T01:17:31.996114+00:00'","'2021-09-23T01:17:31.996114+00:00'"
"false","true","355","'Mike'","'London'","''","null","'2021-09-23T01:17:31.996114+00:00'","'2021-09-23T01:17:31.996114+00:00'"
"false","true","356","'Mike'","'Neu'","''","null","'2021-09-23T01:17:31.996114+00:00'","'2021-09-23T01:17:31.996114+00:00'"
"false","true","357","'Mike'","'Norvell'","''","null","'2021-09-23T01:17:31.996114+00:00'","'2021-09-23T01:17:31.996114+00:00'"
"false","true","358","'Mike'","'Riley'","''","null","'2021-09-23T01:17:31.996114+00:00'","'2021-09-23T01:17:31.996114+00:00'"
"false","true","359","'Miles'","'Casteel'","''","null","'2021-09-23T01:17:31.996114+00:00'","'2021-09-23T01:17:31.996114+00:00'"
"false","true","360","'Milt'","'Bruhn'","''","null","'2021-09-23T01:17:31.996114+00:00'","'2021-09-23T01:17:31.996114+00:00'"
"false","true","361","'Moray'","'Eby'","''","null","'2021-09-23T01:17:31.996114+00:00'","'2021-09-23T01:17:31.996114+00:00'"
"false","true","362","'Nick'","'Saban'","''","null","'2021-09-23T01:17:31.996114+00:00'","'2021-09-23T01:17:31.996114+00:00'"
"false","true","363","'No'","'Coach'","''","null","'2021-09-23T01:17:31.996114+00:00'","'2021-09-23T01:17:31.996114+00:00'"
"false","true","364","'Noble'","'Kizer'","''","null","'2021-09-23T01:17:31.996114+00:00'","'2021-09-23T01:17:31.996114+00:00'"
"false","true","365","'O.H.'","'Luck'","''","null","'2021-09-23T01:17:31.996114+00:00'","'2021-09-23T01:17:31.996114+00:00'"
"false","true","366","'Oliver'","'Cutts'","''","null","'2021-09-23T01:17:31.996114+00:00'","'2021-09-23T01:17:31.996114+00:00'"
"false","true","367","'Oscar'","'Hagberg'","''","null","'2021-09-23T01:17:31.996114+00:00'","'2021-09-23T01:17:31.996114+00:00'"
"false","true","368","'Ossie'","'Solem'","''","null","'2021-09-23T01:17:31.996114+00:00'","'2021-09-23T01:17:31.996114+00:00'"
"false","true","369","'Pappy'","'Waldorf'","''","null","'2021-09-23T01:17:31.996114+00:00'","'2021-09-23T01:17:31.996114+00:00'"
"false","true","370","'Pat'","'Fitzgerald'","''","null","'2021-09-23T01:17:31.996114+00:00'","'2021-09-23T01:17:31.996114+00:00'"
"false","true","371","'Pat'","'Narduzzi'","''","null","'2021-09-23T01:17:31.996114+00:00'","'2021-09-23T01:17:31.996114+00:00'"
"false","true","372","'Pat'","'Pasini'","''","null","'2021-09-23T01:17:31.996114+00:00'","'2021-09-23T01:17:31.996114+00:00'"
"false","true","373","'\'Paul \'\'Bear\'\'\''","'Bryant'","''","null","'2021-09-23T01:17:31.996114+00:00'","'2021-09-23T01:17:31.996114+00:00'"
"false","true","374","'Paul'","'Brown'","''","null","'2021-09-23T01:17:31.996114+00:00'","'2021-09-23T01:17:31.996114+00:00'"
"false","true","375","'Paul'","'Chryst'","''","null","'2021-09-23T01:17:31.996114+00:00'","'2021-09-23T01:17:31.996114+00:00'"
"false","true","376","'Paul'","'Dietzel'","''","null","'2021-09-23T01:17:31.996114+00:00'","'2021-09-23T01:17:31.996114+00:00'"
"false","true","377","'Paul'","'Hackett'","''","null","'2021-09-23T01:17:31.996114+00:00'","'2021-09-23T01:17:31.996114+00:00'"
"false","true","378","'Paul'","'Johnson'","''","null","'2021-09-23T01:17:31.996114+00:00'","'2021-09-23T01:17:31.996114+00:00'"
"false","true","379","'Paul'","'Pasqualoni'","''","null","'2021-09-23T01:17:31.996114+00:00'","'2021-09-23T01:17:31.996114+00:00'"
"false","true","380","'Paul'","'Sheeks'","''","null","'2021-09-23T01:17:31.996114+00:00'","'2021-09-23T01:17:31.996114+00:00'"
"false","true","381","'Paul'","'Wulff'","''","null","'2021-09-23T01:17:31.996114+00:00'","'2021-09-23T01:17:31.996114+00:00'"
"false","true","382","'Pepper'","'Rodgers'","''","null","'2021-09-23T01:17:31.996114+00:00'","'2021-09-23T01:17:31.996114+00:00'"
"false","true","383","'Pete'","'Carroll'","''","null","'2021-09-23T01:17:31.996114+00:00'","'2021-09-23T01:17:31.996114+00:00'"
"false","true","384","'Pete'","'Elliott'","''","null","'2021-09-23T01:17:31.996114+00:00'","'2021-09-23T01:17:31.996114+00:00'"
"false","true","385","'Pete'","'Vaughn'","''","null","'2021-09-23T01:17:31.996114+00:00'","'2021-09-23T01:17:31.996114+00:00'"
"false","true","386","'Phil'","'Arbuckle'","''","null","'2021-09-23T01:17:31.996114+00:00'","'2021-09-23T01:17:31.996114+00:00'"
"false","true","387","'Phil'","'Dickens'","''","null","'2021-09-23T01:17:31.996114+00:00'","'2021-09-23T01:17:31.996114+00:00'"
"false","true","388","'Phil'","'King'","''","null","'2021-09-23T01:17:31.996114+00:00'","'2021-09-23T01:17:31.996114+00:00'"
"false","true","389","'Phillip'","'Fulmer'","''","null","'2021-09-23T01:17:31.996114+00:00'","'2021-09-23T01:17:31.996114+00:00'"
"false","true","390","'R.C.'","'Slocum'","''","null","'2021-09-23T01:17:31.996114+00:00'","'2021-09-23T01:17:31.996114+00:00'"
"false","true","391","'Ralph'","'Friedgen'","''","null","'2021-09-23T01:17:31.996114+00:00'","'2021-09-23T01:17:31.996114+00:00'"
"false","true","392","'Ralph'","'Young'","'H.'","null","'2021-09-23T01:17:31.996114+00:00'","'2021-09-23T01:17:31.996114+00:00'"
"false","true","393","'Ralph'","'Jones'","''","null","'2021-09-23T01:17:31.996114+00:00'","'2021-09-23T01:17:31.996114+00:00'"
"false","true","394","'Ralph'","'Sasse'","''","null","'2021-09-23T01:17:31.996114+00:00'","'2021-09-23T01:17:31.996114+00:00'"
"false","true","395","'Randy'","'Edsall'","''","null","'2021-09-23T01:17:31.996114+00:00'","'2021-09-23T01:17:31.996114+00:00'"
"false","true","396","'Ray'","'Eliot'","''","null","'2021-09-23T01:17:31.996114+00:00'","'2021-09-23T01:17:31.996114+00:00'"
"false","true","397","'Ray'","'Morrison'","''","null","'2021-09-23T01:17:31.996114+00:00'","'2021-09-23T01:17:31.996114+00:00'"
"false","true","398","'Ray'","'Nagel'","''","null","'2021-09-23T01:17:31.996114+00:00'","'2021-09-23T01:17:31.996114+00:00'"
"false","true","399","'Ray'","'Perkins'","''","null","'2021-09-23T01:17:31.996114+00:00'","'2021-09-23T01:17:31.996114+00:00'"
"false","true","400","'Ray'","'Willsey'","''","null","'2021-09-23T01:17:31.996114+00:00'","'2021-09-23T01:17:31.996114+00:00'"
"false","true","401","'Rich'","'Brooks'","''","null","'2021-09-23T01:17:31.996114+00:00'","'2021-09-23T01:17:31.996114+00:00'"
"false","true","402","'Rich'","'Ellerson'","''","null","'2021-09-23T01:17:31.996114+00:00'","'2021-09-23T01:17:31.996114+00:00'"
"false","true","403","'Rich'","'Rodriguez'","''","null","'2021-09-23T01:17:31.996114+00:00'","'2021-09-23T01:17:31.996114+00:00'"
"false","true","404","'Rick'","'Forzano'","''","null","'2021-09-23T01:17:31.996114+00:00'","'2021-09-23T01:17:31.996114+00:00'"
"false","true","405","'Rick'","'Lantz'","''","null","'2021-09-23T01:17:31.996114+00:00'","'2021-09-23T01:17:31.996114+00:00'"
"false","true","406","'Rip'","'Miller'","''","null","'2021-09-23T01:17:31.996114+00:00'","'2021-09-23T01:17:31.996114+00:00'"
"false","true","407","'Rod'","'Dowhower'","''","null","'2021-09-23T01:17:31.996114+00:00'","'2021-09-23T01:17:31.996114+00:00'"
"false","true","408","'Roy'","'Bohler'","''","null","'2021-09-23T01:17:31.996114+00:00'","'2021-09-23T01:17:31.996114+00:00'"
"false","true","409","'Russell'","'Townsend'","''","null","'2021-09-23T01:17:31.996114+00:00'","'2021-09-23T01:17:31.996114+00:00'"
"false","true","410","'S.M.'","'Hammond'","''","null","'2021-09-23T01:17:31.996114+00:00'","'2021-09-23T01:17:31.996114+00:00'"
"false","true","411","'Sam'","'Barry'","''","null","'2021-09-23T01:17:31.996114+00:00'","'2021-09-23T01:17:31.996114+00:00'"
"false","true","412","'Samuel'","'Ruick'","'K.'","null","'2021-09-23T01:17:31.996114+00:00'","'2021-09-23T01:17:31.996114+00:00'"
"false","true","413","'Scot'","'Loeffler'","''","null","'2021-09-23T01:17:31.996114+00:00'","'2021-09-23T01:17:31.996114+00:00'"
"false","true","414","'Scott'","'Satterfield'","''","null","'2021-09-23T01:17:31.996114+00:00'","'2021-09-23T01:17:31.996114+00:00'"
"false","true","415","'Scott'","'Shafer'","''","null","'2021-09-23T01:17:31.996114+00:00'","'2021-09-23T01:17:31.996114+00:00'"
"false","true","416","'Skip'","'Holtz'","''","null","'2021-09-23T01:17:31.996114+00:00'","'2021-09-23T01:17:31.996114+00:00'"
"false","true","417","'Snuff'","'Mackowan'","''","null","'2021-09-23T01:17:31.996114+00:00'","'2021-09-23T01:17:31.996114+00:00'"
"false","true","418","'Sol'","'Metzger'","''","null","'2021-09-23T01:17:31.996114+00:00'","'2021-09-23T01:17:31.996114+00:00'"
"false","true","419","'Stephen'","'O'Rourke'","''","null","'2021-09-23T01:17:31.996114+00:00'","'2021-09-23T01:17:31.996114+00:00'"
"false","true","420","'Steve'","'Addazio'","''","null","'2021-09-23T01:17:31.996114+00:00'","'2021-09-23T01:17:31.996114+00:00'"
"false","true","421","'Steve'","'Sarkisian'","''","null","'2021-09-23T01:17:31.996114+00:00'","'2021-09-23T01:17:31.996114+00:00'"
"false","true","422","'Steve'","'Sebo'","''","null","'2021-09-23T01:17:31.996114+00:00'","'2021-09-23T01:17:31.996114+00:00'"
"false","true","423","'Steve'","'Spurrier'","''","null","'2021-09-23T01:17:31.996114+00:00'","'2021-09-23T01:17:31.996114+00:00'"
"false","true","424","'Stu'","'Holcomb'","''","null","'2021-09-23T01:17:31.996114+00:00'","'2021-09-23T01:17:31.996114+00:00'"
"false","true","425","'Swede'","'Larson'","''","null","'2021-09-23T01:17:31.996114+00:00'","'2021-09-23T01:17:31.996114+00:00'"
"false","true","426","'Ted'","'Roof'","''","null","'2021-09-23T01:17:31.996114+00:00'","'2021-09-23T01:17:31.996114+00:00'"
"false","true","427","'Ted'","'Tollner'","''","null","'2021-09-23T01:17:31.996114+00:00'","'2021-09-23T01:17:31.996114+00:00'"
"false","true","428","'Terry'","'Allen'","''","null","'2021-09-23T01:17:31.996114+00:00'","'2021-09-23T01:17:31.996114+00:00'"
"false","true","429","'Terry'","'Shea'","''","null","'2021-09-23T01:17:31.996114+00:00'","'2021-09-23T01:17:31.996114+00:00'"
"false","true","430","'Thomas'","'Smull'","'J.'","null","'2021-09-23T01:17:31.996114+00:00'","'2021-09-23T01:17:31.996114+00:00'"
"false","true","431","'Thomas'","'McFadden'","''","null","'2021-09-23T01:17:31.996114+00:00'","'2021-09-23T01:17:31.996114+00:00'"
"false","true","432","'Todd'","'Graham'","''","null","'2021-09-23T01:17:31.996114+00:00'","'2021-09-23T01:17:31.996114+00:00'"
"false","true","433","'Tom'","'Cahill'","''","null","'2021-09-23T01:17:31.996114+00:00'","'2021-09-23T01:17:31.996114+00:00'"
"false","true","434","'Tom'","'Coughlin'","''","null","'2021-09-23T01:17:31.996114+00:00'","'2021-09-23T01:17:31.996114+00:00'"
"false","true","435","'Tom'","'Hamilton'","''","null","'2021-09-23T01:17:31.996114+00:00'","'2021-09-23T01:17:31.996114+00:00'"
"false","true","436","'Tom'","'Harp'","''","null","'2021-09-23T01:17:31.996114+00:00'","'2021-09-23T01:17:31.996114+00:00'"
"false","true","437","'Tom'","'Leith'","''","null","'2021-09-23T01:17:31.996114+00:00'","'2021-09-23T01:17:31.996114+00:00'"
"false","true","438","'Tom'","'O'Brien'","''","null","'2021-09-23T01:17:31.996114+00:00'","'2021-09-23T01:17:31.996114+00:00'"
"false","true","439","'Tommy'","'Mills'","''","null","'2021-09-23T01:17:31.996114+00:00'","'2021-09-23T01:17:31.996114+00:00'"
"false","true","440","'Tony'","'Hinkle'","''","null","'2021-09-23T01:17:31.996114+00:00'","'2021-09-23T01:17:31.996114+00:00'"
"false","true","441","'Troy'","'Calhoun'","''","null","'2021-09-23T01:17:31.996114+00:00'","'2021-09-23T01:17:31.996114+00:00'"
"false","true","442","'Tug'","'Wilson'","''","null","'2021-09-23T01:17:31.996114+00:00'","'2021-09-23T01:17:31.996114+00:00'"
"false","true","443","'Tuss'","'McLaughry'","''","null","'2021-09-23T01:17:31.996114+00:00'","'2021-09-23T01:17:31.996114+00:00'"
"false","true","444","'Urban'","'Meyer'","''","null","'2021-09-23T01:17:31.996114+00:00'","'2021-09-23T01:17:31.996114+00:00'"
"false","true","445","'Vee'","'Green'","''","null","'2021-09-23T01:17:31.996114+00:00'","'2021-09-23T01:17:31.996114+00:00'"
"false","true","446","'Vernon'","'Randall'","''","null","'2021-09-23T01:17:31.996114+00:00'","'2021-09-23T01:17:31.996114+00:00'"
"false","true","447","'Vince'","'Dooley'","''","null","'2021-09-23T01:17:31.996114+00:00'","'2021-09-23T01:17:31.996114+00:00'"
"false","true","448","'W.C.'","'Blaemaster'","''","null","'2021-09-23T01:17:31.996114+00:00'","'2021-09-23T01:17:31.996114+00:00'"
"false","true","449","'W.G.'","'Kline'","''","null","'2021-09-23T01:17:31.996114+00:00'","'2021-09-23T01:17:31.996114+00:00'"
"false","true","450","'Walt'","'Harris'","''","null","'2021-09-23T01:17:31.996114+00:00'","'2021-09-23T01:17:31.996114+00:00'"
"false","true","451","'Walter'","'McCornack'","''","null","'2021-09-23T01:17:31.996114+00:00'","'2021-09-23T01:17:31.996114+00:00'"
"false","true","452","'Walter'","'Milligan'","''","null","'2021-09-23T01:17:31.996114+00:00'","'2021-09-23T01:17:31.996114+00:00'"
"false","true","453","'Walter'","'Powell'","''","null","'2021-09-23T01:17:31.996114+00:00'","'2021-09-23T01:17:31.996114+00:00'"
"false","true","454","'Walter'","'Steffen'","''","null","'2021-09-23T01:17:31.996114+00:00'","'2021-09-23T01:17:31.996114+00:00'"
"false","true","455","'Warren'","'Powers'","''","null","'2021-09-23T01:17:31.996114+00:00'","'2021-09-23T01:17:31.996114+00:00'"
"false","true","456","'Wayne'","'Hardin'","''","null","'2021-09-23T01:17:31.996114+00:00'","'2021-09-23T01:17:31.996114+00:00'"
"false","true","457","'Wes'","'Fesler'","''","null","'2021-09-23T01:17:31.996114+00:00'","'2021-09-23T01:17:31.996114+00:00'"
"false","true","458","'Wesley'","'Englehorn'","''","null","'2021-09-23T01:17:31.996114+00:00'","'2021-09-23T01:17:31.996114+00:00'"
"false","true","459","'William'","'Alexander'","''","null","'2021-09-23T01:17:31.996114+00:00'","'2021-09-23T01:17:31.996114+00:00'"
"false","true","460","'William'","'Boone'","''","null","'2021-09-23T01:17:31.996114+00:00'","'2021-09-23T01:17:31.996114+00:00'"
"false","true","461","'William'","'Dietz'","''","null","'2021-09-23T01:17:31.996114+00:00'","'2021-09-23T01:17:31.996114+00:00'"
"false","true","462","'William'","'Juneau'","''","null","'2021-09-23T01:17:31.996114+00:00'","'2021-09-23T01:17:31.996114+00:00'"
"false","true","463","'William'","'Spaulding'","''","null","'2021-09-23T01:17:31.996114+00:00'","'2021-09-23T01:17:31.996114+00:00'"
"false","true","464","'William'","'Wood'","''","null","'2021-09-23T01:17:31.996114+00:00'","'2021-09-23T01:17:31.996114+00:00'"
"false","true","465","'Willie'","'Taggart'","''","null","'2021-09-23T01:17:31.996114+00:00'","'2021-09-23T01:17:31.996114+00:00'"