1887-11-23,L,HOME,466,466,0,8,No Poll,No Poll,No Poll,76
1888-04-20,L,HOME,466,466,6,26,No Poll,No Poll,No Poll,76
1888-04-21,L,HOME,466,466,4,10,No Poll,No Poll,No Poll,76
1888-12-06,W,HOME,466,466,20,0,No Poll,No Poll,No Poll,48
1889-11-14,W,AWAY,466,466,9,0,No Poll,No Poll,No Poll,90
1892-10-19,W,HOME,466,467,56,0,No Poll,No Poll,No Poll,117
1892-11-24,T,HOME,466,466,10,10,No Poll,No Poll,No Poll,52
1893-10-25,W,HOME,466,466,34,0,No Poll,No Poll,No Poll,61
1893-11-11,W,HOME,466,136,8,6,No Poll,No Poll,No Poll,5
1893-11-23,W,HOME,466,467,28,0,No Poll,No Poll,No Poll,35
1893-11-30,W,HOME,466,466,22,10,No Poll,No Poll,No Poll,52
1894-01-01,L,AWAY,466,40,0,8,No Poll,No Poll,No Poll,23
1894-10-13,W,HOME,18,466,14,0,No Poll,No Poll,No Poll,52
1894-10-20,T,HOME,18,137,6,6,No Poll,No Poll,No Poll,5
1894-11-15,W,HOME,18,446,30,0,No Poll,No Poll,No Poll,141
1894-11-22,W,HOME,18,467,18,6,No Poll,No Poll,No Poll,110
1894-11-29,L,HOME,18,137,12,19,No Poll,No Poll,No Poll,5
1895-10-19,W,HOME,12,467,20,0,No Poll,No Poll,No Poll,91
1895-11-07,W,HOME,12,467,18,2,No Poll,No Poll,No Poll,55
1895-11-22,L,HOME,12,467,0,18,No Poll,No Poll,No Poll,57
1895-11-28,W,HOME,12,467,32,0,No Poll,No Poll,No Poll,26
1896-10-08,L,HOME,8,467,0,4,No Poll,No Poll,No Poll,26
1896-10-14,L,HOME,8,40,0,18,No Poll,No Poll,No Poll,23
1896-10-27,W,HOME,8,467,46,0,No Poll,No Poll,No Poll,116
1896-11-14,L,HOME,8,410,22,28,No Poll,No Poll,No Poll,106
1896-11-19,W,HOME,8,138,24,0,No Poll,No Poll,No Poll,5
1896-11-20,W,HOME,8,467,82,0,No Poll,No Poll,No Poll,51
1896-11-26,W,HOME,8,104,8,0,No Poll,No Poll,No Poll,13
1897-10-03,W,HOME,8,43,4,0,No Poll,No Poll,No Poll,36
1897-10-13,T,HOME,8,467,0,0,No Poll,No Poll,No Poll,110
1897-10-28,W,HOME,8,467,62,0,No Poll,No Poll,No Poll,24
1897-11-06,L,AWAY,8,40,5,34,No Poll,No Poll,No Poll,23
1897-11-13,W,HOME,8,467,60,0,No Poll,No Poll,No Poll,123
1897-11-25,W,HOME,8,248,34,6,No Poll,No Poll,No Poll,77
1898-10-08,W,AWAY,8,221,5,0,No Poll,No Poll,No Poll,54
1898-10-15,W,HOME,8,248,53,0,No Poll,No Poll,No Poll,77
1898-10-21,L,AWAY,8,236,0,23,No Poll,No Poll,No Poll,76
1898-10-29,W,HOME,8,412,32,0,No Poll,No Poll,No Poll,36
1898-11-11,L,HOME,8,267,5,11,No Poll,No Poll,No Poll,56
1898-11-19,W,AWAY,8,139,60,0,No Poll,No Poll,No Poll,5
1899-09-27,W,HOME,17,466,29,5,No Poll,No Poll,No Poll,40
1899-09-30,W,HOME,17,113,40,0,No Poll,No Poll,No Poll,77
1899-10-04,L,AWAY,17,40,6,23,No Poll,No Poll,No Poll,23
1899-10-14,W,HOME,17,141,38,0,No Poll,No Poll,No Poll,65
1899-10-18,L,AWAY,17,236,0,12,No Poll,No Poll,No Poll,76
1899-10-23,W,HOME,17,267,17,0,No Poll,No Poll,No Poll,56
1899-10-28,W,HOME,17,104,12,0,No Poll,No Poll,No Poll,90
1899-11-04,W,HOME,17,467,17,0,No Poll,No Poll,No Poll,110
1899-11-18,T,AWAY,17,39,10,10,No Poll,No Poll,No Poll,106
1899-11-30,L,HOME,17,467,0,5,No Poll,No Poll,No Poll,103
1900-09-29,W,HOME,25,466,55,0,No Poll,No Poll,No Poll,46
1900-10-06,W,HOME,25,466,68,0,No Poll,No Poll,No Poll,40
1900-10-13,W,HOME,25,466,64,0,No Poll,No Poll,No Poll,112
1900-10-20,W,HOME,25,145,58,0,No Poll,No Poll,No Poll,28
1900-10-25,L,AWAY,25,267,0,6,No Poll,No Poll,No Poll,56
1900-11-03,T,HOME,25,303,6,6,No Poll,No Poll,No Poll,13
1900-11-10,L,AWAY,25,388,0,54,No Poll,No Poll,No Poll,150
1900-11-17,L,AWAY,25,330,0,7,No Poll,No Poll,No Poll,76
1900-11-24,W,HOME,25,467,5,0,No Poll,No Poll,No Poll,110
1900-11-29,W,HOME,25,467,5,0,No Poll,No Poll,No Poll,103
1901-09-28,T,HOME,25,466,0,0,No Poll,No Poll,No Poll,116
1901-10-05,W,AWAY,25,466,6,0,No Poll,No Poll,No Poll,92
1901-10-12,L,AWAY,25,104,0,2,No Poll,No Poll,No Poll,90
1901-10-19,W,HOME,25,467,32,0,No Poll,No Poll,No Poll,25
1901-10-26,W,AWAY,25,303,5,0,No Poll,No Poll,No Poll,13
1901-11-02,W,HOME,25,467,16,0,No Poll,No Poll,No Poll,65
1901-11-09,W,HOME,25,142,12,6,No Poll,No Poll,No Poll,106
1901-11-16,W,HOME,25,267,18,5,No Poll,No Poll,No Poll,56
1901-11-23,W,HOME,25,467,34,0,No Poll,No Poll,No Poll,103
1901-11-28,W,HOME,25,467,22,6,No Poll,No Poll,No Poll,116
1902-09-27,W,HOME,16,219,33,0,No Poll,No Poll,No Poll,77
1902-10-11,W,HOME,16,128,28,0,No Poll,No Poll,No Poll,65
1902-10-18,L,TOLEDO,16,187,0,23,No Poll,No Poll,No Poll,76
1902-10-25,W,AWAY,16,267,11,5,No Poll,No Poll,No Poll,56
1902-11-01,W,AWAY,16,467,6,5,No Poll,No Poll,No Poll,92
1902-11-08,L,AWAY,16,308,5,12,No Poll,No Poll,No Poll,64
1902-11-15,W,HOME,16,467,92,0,No Poll,No Poll,No Poll,7
1902-11-22,W,AWAY,16,264,22,0,No Poll,No Poll,No Poll,36
1902-11-27,T,AWAY,16,103,6,6,No Poll,No Poll,No Poll,106
1903-10-03,W,HOME,16,122,12,0,No Poll,No Poll,No Poll,77
1903-10-10,W,HOME,16,128,28,0,No Poll,No Poll,No Poll,65
1903-10-17,W,AWAY,16,121,56,0,No Poll,No Poll,No Poll,36
1903-10-24,W,HOME,16,467,52,0,No Poll,No Poll,No Poll,7
1903-10-29,W,HOME,16,467,46,0,No Poll,No Poll,No Poll,26
1903-11-07,W,HOME,16,467,28,0,No Poll,No Poll,No Poll,63
1903-11-14,T,AWAY,16,451,0,0,No Poll,No Poll,No Poll,90
1903-11-21,W,AWAY,16,467,35,0,No Poll,No Poll,No Poll,92
1903-11-26,W,AWAY,16,442,34,0,No Poll,No Poll,No Poll,141
1904-10-01,W,HOME,26,193,12,4,No Poll,No Poll,No Poll,141
1904-10-08,W,HOME,26,467,44,0,No Poll,No Poll,No Poll,7
1904-10-15,L,MILWAUKEE,26,42,0,58,No Poll,No Poll,No Poll,150
1904-10-22,W,AWAY,26,467,17,5,No Poll,No Poll,No Poll,92
1904-10-27,W,HOME,26,467,6,0,No Poll,No Poll,No Poll,132
1904-11-05,L,AWAY,26,50,5,24,No Poll,No Poll,No Poll,62
1904-11-19,W,HOME,26,431,10,0,No Poll,No Poll,No Poll,36
1904-11-24,L,AWAY,26,366,0,36,No Poll,No Poll,No Poll,106
1905-09-30,W,HOME,13,466,44,0,No Poll,No Poll,No Poll,89
1905-10-07,W,HOME,13,122,28,0,No Poll,No Poll,No Poll,77
1905-10-14,L,MILWAUKEE,13,388,0,21,No Poll,No Poll,No Poll,150
1905-10-21,L,HOME,13,193,0,5,No Poll,No Poll,No Poll,141
1905-10-28,W,HOME,13,467,142,0,No Poll,No Poll,No Poll,7
1905-11-04,W,HOME,13,365,71,0,No Poll,No Poll,No Poll,36
1905-11-11,L,AWAY,13,271,5,22,No Poll,No Poll,No Poll,56
1905-11-18,W,HOME,13,467,22,0,No Poll,No Poll,No Poll,14
1905-11-24,L,AWAY,13,31,0,32,No Poll,No Poll,No Poll,106
1906-10-06,W,HOME,28,467,26,0,No Poll,No Poll,No Poll,43
1906-10-13,W,HOME,28,460,17,0,No Poll,No Poll,No Poll,52
1906-10-17,W,HOME,28,122,5,0,No Poll,No Poll,No Poll,77
1906-10-20,W,HOME,28,467,28,0,No Poll,No Poll,No Poll,26
1906-11-03,W,AWAY,28,341,2,0,No Poll,No Poll,No Poll,106
1906-11-10,L,AWAY,28,271,0,12,No Poll,No Poll,No Poll,56
1906-11-24,W,HOME,28,115,29,0,No Poll,No Poll,No Poll,13
1907-10-12,W,HOME,28,467,32,0,No Poll,No Poll,No Poll,26
1907-10-19,W,HOME,28,32,23,0,No Poll,No Poll,No Poll,43
1907-10-26,W,HOME,28,99,22,4,No Poll,No Poll,No Poll,97
1907-11-02,T,HOME,28,271,0,0,No Poll,No Poll,No Poll,56
1907-11-09,W,HOME,28,244,22,4,No Poll,No Poll,No Poll,64
1907-11-23,W,AWAY,28,328,17,0,No Poll,No Poll,No Poll,106
1907-11-28,W,AWAY,28,467,21,12,No Poll,No Poll,No Poll,124
1908-10-03,W,HOME,30,249,39,0,No Poll,No Poll,No Poll,52
1908-10-10,W,HOME,30,467,64,0,No Poll,No Poll,No Poll,43
1908-10-17,L,AWAY,30,187,6,12,No Poll,No Poll,No Poll,76
1908-10-24,W,HOME,30,467,88,0,No Poll,No Poll,No Poll,26
1908-10-29,W,HOME,30,417,58,4,No Poll,No Poll,No Poll,93
1908-11-07,W,AWAY,30,271,11,0,No Poll,No Poll,No Poll,56
1908-11-13,W,AWAY,30,393,8,4,No Poll,No Poll,No Poll,141
1908-11-18,W,HOME,30,467,46,0,No Poll,No Poll,No Poll,123
1908-11-26,W,AWAY,30,462,6,0,No Poll,No Poll,No Poll,71
1909-10-09,W,HOME,10,247,58,0,No Poll,No Poll,No Poll,97
1909-10-16,W,HOME,10,251,60,11,No Poll,No Poll,No Poll,108
1909-10-23,W,HOME,10,122,17,0,No Poll,No Poll,No Poll,77
1909-10-30,W,FORBES FIELD,10,315,6,0,No Poll,No Poll,No Poll,104
1909-11-06,W,AWAY,10,187,11,3,No Poll,No Poll,No Poll,76
1909-11-13,W,HOME,10,242,46,0,No Poll,No Poll,No Poll,75
1909-11-20,W,HOME,10,19,38,0,No Poll,No Poll,No Poll,141
1909-11-25,T,AWAY,10,462,0,0,No Poll,No Poll,No Poll,71
1910-10-08,W,HOME,10,247,48,0,No Poll,No Poll,No Poll,97
1910-10-22,W,HOME,10,197,51,0,No Poll,No Poll,No Poll,3
1910-10-29,L,AWAY,10,122,0,17,No Poll,No Poll,No Poll,77
1910-11-12,W,AWAY,10,251,41,3,No Poll,No Poll,No Poll,108
1910-11-19,W,HOME,10,430,47,0,No Poll,No Poll,No Poll,93
1910-11-24,T,AWAY,10,462,5,5,No Poll,No Poll,No Poll,71
1911-10-07,W,HOME,21,342,32,6,No Poll,No Poll,No Poll,93
1911-10-14,W,HOME,21,467,43,0,No Poll,No Poll,No Poll,123
1911-10-21,W,HOME,21,467,27,0,No Poll,No Poll,No Poll,17
1911-10-28,W,HOME,21,467,80,0,No Poll,No Poll,No Poll,68
1911-11-04,T,FORBES FIELD,21,315,0,0,No Poll,No Poll,No Poll,104
1911-11-11,W,HOME,21,140,34,0,No Poll,No Poll,No Poll,122
1911-11-20,W,AWAY,21,19,6,3,No Poll,No Poll,No Poll,141
1911-11-30,T,AWAY,21,462,0,0,No Poll,No Poll,No Poll,71
1912-10-05,W,HOME,21,467,116,7,No Poll,No Poll,No Poll,123
1912-10-12,W,HOME,21,437,74,7,No Poll,No Poll,No Poll,1
1912-10-19,W,HOME,21,467,39,0,No Poll,No Poll,No Poll,81
1912-10-26,W,HOME,21,19,41,6,No Poll,No Poll,No Poll,141
1912-11-02,W,FORBES FIELD,21,315,3,0,No Poll,No Poll,No Poll,104
1912-11-09,W,AWAY,21,196,47,7,No Poll,No Poll,No Poll,113
1912-11-12,W,AWAY,21,102,69,0,No Poll,No Poll,No Poll,71
1913-10-04,W,HOME,19,106,87,0,No Poll,No Poll,No Poll,93
1913-10-18,W,HOME,19,265,20,7,No Poll,No Poll,No Poll,119
1913-10-25,W,HOME,19,448,62,0,No Poll,No Poll,No Poll,6
1913-11-01,W,AWAY,19,114,35,13,No Poll,No Poll,No Poll,10
1913-11-08,W,AWAY,19,61,14,7,No Poll,No Poll,No Poll,101
1913-11-22,W,AWAY,19,467,20,7,No Poll,No Poll,No Poll,27
1913-11-27,W,AWAY,19,152,30,7,No Poll,No Poll,No Poll,129
1914-10-03,W,HOME,19,448,56,0,No Poll,No Poll,No Poll,6
1914-10-10,W,HOME,19,250,103,0,No Poll,No Poll,No Poll,109
1914-10-17,L,AWAY,19,198,0,28,No Poll,No Poll,No Poll,151
1914-10-24,W,SIOUX FALLS,19,257,33,0,No Poll,No Poll,No Poll,119
1914-10-31,W,HOME,19,50,21,7,No Poll,No Poll,No Poll,49
1914-11-07,L,AWAY,19,114,7,20,No Poll,No Poll,No Poll,10
1914-11-14,W,CHICAGO,19,231,48,6,No Poll,No Poll,No Poll,20
1914-11-26,W,AWAY,19,199,20,0,No Poll,No Poll,No Poll,126
1915-10-02,W,HOME,19,448,32,0,No Poll,No Poll,No Poll,6
1915-10-09,W,HOME,19,50,34,0,No Poll,No Poll,No Poll,49
1915-10-23,L,AWAY,19,317,19,20,No Poll,No Poll,No Poll,84
1915-10-30,W,HOME,19,257,6,0,No Poll,No Poll,No Poll,119
1915-11-06,W,AWAY,19,114,7,0,No Poll,No Poll,No Poll,10
1915-11-13,W,AWAY,19,439,41,0,No Poll,No Poll,No Poll,33
1915-11-25,W,AWAY,19,152,36,7,No Poll,No Poll,No Poll,129
1915-11-27,W,AWAY,19,386,55,2,No Poll,No Poll,No Poll,107
1916-09-30,W,HOME,19,458,48,0,No Poll,No Poll,No Poll,22
1916-10-07,W,AWAY,19,453,48,0,No Poll,No Poll,No Poll,149
1916-10-14,W,HOME,19,50,25,0,No Poll,No Poll,No Poll,49
1916-10-28,W,HOME,19,380,60,0,No Poll,No Poll,No Poll,141
1916-11-04,L,AWAY,19,114,10,30,No Poll,No Poll,No Poll,10
1916-11-11,W,SIOUX FALLS,19,75,21,0,No Poll,No Poll,No Poll,119
1916-11-18,W,AWAY,19,201,14,0,No Poll,No Poll,No Poll,77
1916-11-25,W,HOME,19,448,46,0,No Poll,No Poll,No Poll,6
1916-11-30,W,AWAY,19,174,20,0,No Poll,No Poll,No Poll,84
1917-10-06,W,HOME,19,392,55,0,No Poll,No Poll,No Poll,61
1917-10-13,T,AWAY,19,312,0,0,No Poll,No Poll,No Poll,150
1917-10-20,L,AWAY,19,174,0,7,No Poll,No Poll,No Poll,84
1917-10-27,W,HOME,19,75,40,0,No Poll,No Poll,No Poll,119
1917-11-03,W,AWAY,19,215,7,2,No Poll,No Poll,No Poll,10
1917-11-10,W,AWAY,19,268,13,0,No Poll,No Poll,No Poll,80
1917-11-17,W,HOME,19,122,23,0,No Poll,No Poll,No Poll,77
1917-11-24,W,AWAY,19,418,3,0,No Poll,No Poll,No Poll,144
1918-09-28,W,AWAY,23,372,26,6,No Poll,No Poll,No Poll,22
1918-11-02,W,AWAY,23,409,67,7,No Poll,No Poll,No Poll,141
1918-11-09,T,HOME,23,129,7,7,No Poll,No Poll,No Poll,47
1918-11-16,L,AWAY,23,220,7,13,No Poll,No Poll,No Poll,77
1918-11-23,W,AWAY,23,101,26,6,No Poll,No Poll,No Poll,106
1918-11-28,T,AWAY,23,449,0,0,No Poll,No Poll,No Poll,84
1919-10-04,W,HOME,23,392,14,0,No Poll,No Poll,No Poll,61
1919-10-11,W,HOME,23,224,60,7,No Poll,No Poll,No Poll,82
1919-10-18,W,AWAY,23,238,14,9,No Poll,No Poll,No Poll,84
1919-10-25,W,HOME,23,463,53,0,No Poll,No Poll,No Poll,148
1919-11-01,W,INDIANAPOLIS,23,317,16,3,No Poll,No Poll,No Poll,56
1919-11-08,W,AWAY,23,114,12,9,No Poll,No Poll,No Poll,10
1919-11-15,W,HOME,23,122,13,0,No Poll,No Poll,No Poll,77
1919-11-22,W,AWAY,23,101,33,13,No Poll,No Poll,No Poll,106
1919-11-27,W,AWAY,23,268,14,6,No Poll,No Poll,No Poll,80
1920-10-02,W,HOME,23,392,39,0,No Poll,No Poll,No Poll,61
1920-10-09,W,HOME,23,463,42,0,No Poll,No Poll,No Poll,148
1920-10-16,W,AWAY,23,238,16,7,No Poll,No Poll,No Poll,84
1920-10-23,W,HOME,23,222,28,3,No Poll,No Poll,No Poll,137
1920-10-30,W,AWAY,23,114,27,17,No Poll,No Poll,No Poll,10
1920-11-06,W,HOME,23,101,28,0,No Poll,No Poll,No Poll,106
1920-11-13,W,AWAY,23,317,13,10,No Poll,No Poll,No Poll,56
1920-11-20,W,AWAY,23,185,33,7,No Poll,No Poll,No Poll,90
1920-11-25,W,AWAY,23,218,25,0,No Poll,No Poll,No Poll,77
1921-09-24,W,HOME,23,392,56,0,No Poll,No Poll,No Poll,61
1921-10-01,W,HOME,23,206,57,10,No Poll,No Poll,No Poll,36
1921-10-08,L,AWAY,23,254,7,10,No Poll,No Poll,No Poll,58
1921-10-15,W,AWAY,23,461,33,0,No Poll,No Poll,No Poll,106
1921-10-22,W,HOME,23,205,7,0,No Poll,No Poll,No Poll,84
1921-10-29,W,AWAY,23,317,28,7,No Poll,No Poll,No Poll,56
1921-11-05,W,AWAY,23,114,28,0,No Poll,No Poll,No Poll,10
1921-11-08,W,POLO GROUNDS,23,227,48,0,No Poll,No Poll,No Poll,111
1921-11-12,W,HOME,23,352,42,7,No Poll,No Poll,No Poll,49
1921-11-19,W,AWAY,23,262,21,7,No Poll,No Poll,No Poll,71
1921-11-24,W,HOME,23,37,48,0,No Poll,No Poll,No Poll,77
1922-09-30,W,HOME,23,392,46,0,No Poll,No Poll,No Poll,61
1922-10-07,W,HOME,23,419,26,0,No Poll,No Poll,No Poll,113
1922-10-14,W,AWAY,23,270,20,0,No Poll,No Poll,No Poll,106
1922-10-21,W,HOME,23,269,34,7,No Poll,No Poll,No Poll,36
1922-10-28,W,AWAY,23,459,13,3,No Poll,No Poll,No Poll,45
1922-11-04,W,HOME,23,266,27,0,No Poll,No Poll,No Poll,56
1922-11-11,T,AWAY,23,114,0,0,No Poll,No Poll,No Poll,10
1922-11-18,W,AWAY,23,241,31,3,No Poll,No Poll,No Poll,17
1922-11-25,W,AWAY,23,454,19,0,No Poll,No Poll,No Poll,21
1922-11-30,L,AWAY,23,205,6,14,No Poll,No Poll,No Poll,84
1923-09-29,W,HOME,23,353,74,0,No Poll,No Poll,No Poll,61
1923-10-06,W,HOME,23,466,14,0,No Poll,No Poll,No Poll,66
1923-10-13,W,EBBETS FIELD,23,306,13,0,No Poll,No Poll,No Poll,10
1923-10-20,W,AWAY,23,69,25,2,No Poll,No Poll,No Poll,105
1923-10-27,W,HOME,23,459,35,7,No Poll,No Poll,No Poll,45
1923-11-03,W,HOME,23,270,34,7,No Poll,No Poll,No Poll,106
1923-11-10,L,AWAY,23,205,7,14,No Poll,No Poll,No Poll,84
1923-11-17,W,HOME,23,241,34,7,No Poll,No Poll,No Poll,17
1923-11-24,W,AWAY,23,454,26,0,No Poll,No Poll,No Poll,21
1923-11-29,W,AWAY,23,146,13,0,No Poll,No Poll,No Poll,113
1924-10-04,W,HOME,23,466,40,0,No Poll,No Poll,No Poll,66
1924-10-11,W,HOME,23,385,34,0,No Poll,No Poll,No Poll,141
1924-10-18,W,POLO GROUNDS,23,306,13,7,No Poll,No Poll,No Poll,10
1924-10-25,W,AWAY,23,69,12,0,No Poll,No Poll,No Poll,105
1924-11-01,W,HOME,23,459,34,3,No Poll,No Poll,No Poll,45
1924-11-08,W,AWAY,23,262,38,3,No Poll,No Poll,No Poll,150
1924-11-15,W,HOME,23,205,34,6,No Poll,No Poll,No Poll,84
1924-11-22,W,SOLDIER FIELD,23,232,13,6,No Poll,No Poll,No Poll,90
1924-11-29,W,FORBES FIELD,23,454,40,19,No Poll,No Poll,No Poll,21
1925-01-01,W,ROSE BOWL,23,231,27,10,No Poll,No Poll,No Poll,125
1925-09-26,W,HOME,23,195,41,0,No Poll,No Poll,No Poll,12
1925-10-03,W,HOME,23,467,69,0,No Poll,No Poll,No Poll,66
1925-10-10,W,HOME,23,439,19,3,No Poll,No Poll,No Poll,13
1925-10-17,L,YANKEE STADIUM,23,306,0,27,No Poll,No Poll,No Poll,10
1925-10-24,W,AWAY,23,130,19,7,No Poll,No Poll,No Poll,78
1925-10-31,W,AWAY,23,459,13,0,No Poll,No Poll,No Poll,45
1925-11-07,T,AWAY,23,256,0,0,No Poll,No Poll,No Poll,101
1925-11-14,W,HOME,23,454,26,0,No Poll,No Poll,No Poll,21
1925-11-21,W,HOME,23,232,13,10,No Poll,No Poll,No Poll,90
1925-11-26,L,AWAY,23,173,0,17,No Poll,No Poll,No Poll,84
1926-10-02,W,HOME,23,408,77,0,No Poll,No Poll,No Poll,13
1926-10-09,W,AWAY,23,130,20,7,No Poll,No Poll,No Poll,78
1926-10-16,W,HOME,23,256,28,0,No Poll,No Poll,No Poll,101
1926-10-23,W,AWAY,23,232,6,0,No Poll,No Poll,No Poll,90
1926-10-30,W,HOME,23,459,12,0,No Poll,No Poll,No Poll,45
1926-11-06,W,HOME,23,241,26,0,No Poll,No Poll,No Poll,56
1926-11-13,W,YANKEE STADIUM,23,51,7,0,No Poll,No Poll,No Poll,10
1926-11-20,W,HOME,23,368,21,0,No Poll,No Poll,No Poll,38
1926-11-27,L,FORBES FIELD,23,454,0,19,No Poll,No Poll,No Poll,21
1926-12-04,W,AWAY,23,254,13,12,No Poll,No Poll,No Poll,121
1927-10-01,W,HOME,23,361,28,7,No Poll,No Poll,No Poll,30
1927-10-08,W,AWAY,23,112,20,0,No Poll,No Poll,No Poll,37
1927-10-15,W,AWAY,23,62,19,6,No Poll,No Poll,No Poll,83
1927-10-22,W,AWAY,23,241,19,6,No Poll,No Poll,No Poll,56
1927-10-29,W,HOME,23,459,26,7,No Poll,No Poll,No Poll,45
1927-11-05,T,HOME,23,130,7,7,No Poll,No Poll,No Poll,78
1927-11-12,L,YANKEE STADIUM,23,51,0,18,No Poll,No Poll,No Poll,10
1927-11-19,W,AWAY,23,368,32,0,No Poll,No Poll,No Poll,38
1927-11-26,W,SOLDIER FIELD,23,254,7,6,No Poll,No Poll,No Poll,121
1928-09-29,W,HOME,23,131,12,6,No Poll,No Poll,No Poll,69
1928-10-06,L,AWAY,23,232,6,22,No Poll,No Poll,No Poll,150
1928-10-13,W,SOLDIER FIELD,23,62,7,0,No Poll,No Poll,No Poll,83
1928-10-20,L,AWAY,23,459,0,13,No Poll,No Poll,No Poll,45
1928-10-27,W,HOME,23,368,32,6,No Poll,No Poll,No Poll,38
1928-11-03,W,PHILADELPHIA,23,256,9,0,No Poll,No Poll,No Poll,101
1928-11-10,W,YANKEE STADIUM,23,51,12,6,No Poll,No Poll,No Poll,10
1928-11-17,L,HOME,23,454,7,27,No Poll,No Poll,No Poll,21
1928-12-01,L,AWAY,23,254,14,27,No Poll,No Poll,No Poll,121
1929-10-05,W,AWAY,23,241,14,0,No Poll,No Poll,No Poll,56
1929-10-12,W,AWAY,23,62,14,7,No Poll,No Poll,No Poll,83
1929-10-19,W,SOLDIER FIELD,23,232,19,0,No Poll,No Poll,No Poll,150
1929-10-26,W,AWAY,23,454,7,0,No Poll,No Poll,No Poll,21
1929-11-02,W,AWAY,23,459,26,6,No Poll,No Poll,No Poll,45
1929-11-09,W,SOLDIER FIELD,23,368,19,7,No Poll,No Poll,No Poll,38
1929-11-16,W,SOLDIER FIELD,23,254,13,12,No Poll,No Poll,No Poll,121
1929-11-23,W,AWAY,23,165,26,6,No Poll,No Poll,No Poll,90
1929-11-30,W,YANKEE STADIUM,23,51,7,0,No Poll,No Poll,No Poll,10
1930-10-04,W,HOME,23,397,20,14,No Poll,No Poll,No Poll,115
1930-10-11,W,HOME,23,62,26,2,No Poll,No Poll,No Poll,83
1930-10-18,W,HOME,23,454,21,6,No Poll,No Poll,No Poll,21
1930-10-25,W,AWAY,23,297,35,19,No Poll,No Poll,No Poll,104
1930-11-01,W,HOME,23,241,27,0,No Poll,No Poll,No Poll,56
1930-11-08,W,AWAY,23,340,60,20,No Poll,No Poll,No Poll,102
1930-11-15,W,HOME,23,368,28,7,No Poll,No Poll,No Poll,38
1930-11-22,W,AWAY,23,165,14,0,No Poll,No Poll,No Poll,90
1930-11-29,W,SOLDIER FIELD,23,394,7,6,No Poll,No Poll,No Poll,10
1930-12-06,W,AWAY,23,254,27,0,No Poll,No Poll,No Poll,121
1931-10-03,W,AWAY,15,177,25,0,No Poll,No Poll,No Poll,56
1931-10-10,T,SOLDIER FIELD,15,165,0,0,No Poll,No Poll,No Poll,90
1931-10-17,W,HOME,15,368,63,0,No Poll,No Poll,No Poll,38
1931-10-24,W,HOME,15,297,25,12,No Poll,No Poll,No Poll,104
1931-10-31,W,AWAY,15,454,19,0,No Poll,No Poll,No Poll,21
1931-11-07,W,HOME,15,245,49,0,No Poll,No Poll,No Poll,102
1931-11-14,W,AWAY,15,406,20,0,No Poll,No Poll,No Poll,83
1931-11-21,L,HOME,15,254,14,16,No Poll,No Poll,No Poll,121
1931-11-28,L,YANKEE STADIUM,15,394,0,12,No Poll,No Poll,No Poll,10
1932-10-08,W,HOME,15,461,73,0,No Poll,No Poll,No Poll,49
1932-10-15,W,HOME,15,186,62,0,No Poll,No Poll,No Poll,38
1932-10-22,W,HOME,15,454,42,0,No Poll,No Poll,No Poll,21
1932-10-29,L,AWAY,15,297,0,12,No Poll,No Poll,No Poll,104
1932-11-05,W,AWAY,15,60,24,6,No Poll,No Poll,No Poll,62
1932-11-12,W,HOME,15,165,21,0,No Poll,No Poll,No Poll,90
1932-11-19,W,AWAY,15,406,12,0,No Poll,No Poll,No Poll,83
1932-11-26,W,YANKEE STADIUM,15,394,21,0,No Poll,No Poll,No Poll,10
1932-12-10,L,AWAY,15,254,0,13,No Poll,No Poll,No Poll,121
1933-10-07,T,HOME,15,33,0,0,No Poll,No Poll,No Poll,62
1933-10-14,W,AWAY,15,177,12,2,No Poll,No Poll,No Poll,56
1933-10-21,L,AWAY,15,253,0,7,No Poll,No Poll,No Poll,21
1933-10-28,L,HOME,15,297,0,14,No Poll,No Poll,No Poll,104
1933-11-04,L,AWAY,15,406,0,7,No Poll,No Poll,No Poll,83
1933-11-11,L,HOME,15,364,0,19,No Poll,No Poll,No Poll,106
1933-11-18,W,AWAY,15,165,7,0,No Poll,No Poll,No Poll,90
1933-11-25,L,HOME,15,254,0,19,No Poll,No Poll,No Poll,121
1933-12-02,W,YANKEE STADIUM,15,209,13,12,No Poll,No Poll,No Poll,10
1934-10-06,L,HOME,7,259,6,7,No Poll,No Poll,No Poll,129
1934-10-13,W,HOME,7,364,18,7,No Poll,No Poll,No Poll,106
1934-10-20,W,HOME,7,253,13,0,No Poll,No Poll,No Poll,21
1934-10-27,W,HOME,7,130,19,0,No Poll,No Poll,No Poll,150
1934-11-03,L,AWAY,7,297,0,19,No Poll,No Poll,No Poll,104
1934-11-10,L,AWAY,7,435,6,10,No Poll,No Poll,No Poll,83
1934-11-17,W,AWAY,7,165,20,7,No Poll,No Poll,No Poll,90
1934-11-24,W,YANKEE STADIUM,7,209,12,6,No Poll,No Poll,No Poll,10
1934-12-08,W,AWAY,7,254,14,0,No Poll,No Poll,No Poll,121
1935-09-28,W,HOME,7,33,28,7,No Poll,No Poll,No Poll,62
1935-10-05,W,AWAY,7,253,14,3,No Poll,No Poll,No Poll,21
1935-10-12,W,AWAY,7,130,27,0,No Poll,No Poll,No Poll,150
1935-10-19,W,AWAY,7,297,9,6,No Poll,No Poll,No Poll,104
1935-10-26,W,AWAY,7,435,14,0,No Poll,No Poll,No Poll,83
1935-11-02,W,AWAY,7,194,18,13,No Poll,No Poll,No Poll,94
1935-11-09,L,HOME,7,369,7,14,No Poll,No Poll,No Poll,90
1935-11-16,T,YANKEE STADIUM,7,209,6,6,No Poll,No Poll,No Poll,10
1935-11-23,W,HOME,7,254,20,13,No Poll,No Poll,No Poll,121
1936-10-03,W,HOME,7,253,21,7,UNRANKED,UNRANKED,UNRANKED,21
1936-10-10,W,HOME,7,295,14,6,UNRANKED,UNRANKED,UNRANKED,146
1936-10-17,W,HOME,7,243,27,0,UNRANKED,UNRANKED,UNRANKED,150
1936-10-24,L,AWAY,7,297,0,26,7,9,3,104
1936-10-31,W,HOME,7,194,7,2,UNRANKED,UNRANKED,UNRANKED,94
1936-11-07,L,AWAY,7,435,0,3,13,UNRANKED,18,83
1936-11-14,W,YANKEE STADIUM,7,209,20,6,UNRANKED,UNRANKED,UNRANKED,10
1936-11-21,W,HOME,7,369,26,6,11,1,7,90
1936-12-05,T,AWAY,7,254,13,13,9,UNRANKED,UNRANKED,121
1937-10-02,W,HOME,7,445,21,0,UNRANKED,UNRANKED,UNRANKED,38
1937-10-09,T,AWAY,7,85,0,0,UNRANKED,UNRANKED,UNRANKED,54
1937-10-16,L,AWAY,7,63,7,9,UNRANKED,UNRANKED,UNRANKED,21
1937-10-23,W,HOME,7,240,9,7,UNRANKED,UNRANKED,UNRANKED,83
1937-10-30,W,AWAY,7,47,7,6,UNRANKED,4,5,78
1937-11-06,L,HOME,7,297,6,21,12,3,1,104
1937-11-13,W,YANKEE STADIUM,7,209,7,0,18,UNRANKED,UNRANKED,10
1937-11-20,W,AWAY,7,369,7,0,12,UNRANKED,UNRANKED,90
1937-11-27,W,HOME,7,254,13,6,9,UNRANKED,UNRANKED,121
1938-10-01,W,HOME,7,33,52,0,UNRANKED,UNRANKED,UNRANKED,62
1938-10-08,W,AWAY,7,459,14,6,UNRANKED,UNRANKED,UNRANKED,45
1938-10-15,W,HOME,7,85,14,6,UNRANKED,UNRANKED,UNRANKED,54
1938-10-22,W,HOME,7,63,7,0,5,13,6,21
1938-10-29,W,YANKEE STADIUM,7,464,19,7,7,UNRANKED,UNRANKED,10
1938-11-05,W,AWAY,7,240,15,0,4,UNRANKED,UNRANKED,83
1938-11-12,W,HOME,7,47,19,0,2,12,10,78
1938-11-19,W,AWAY,7,369,9,7,1,16,17,90
1938-12-03,L,AWAY,7,254,0,13,1,8,7,121
1939-09-30,W,HOME,7,344,3,0,UNRANKED,UNRANKED,UNRANKED,106
1939-10-07,W,HOME,7,459,17,14,UNRANKED,UNRANKED,16,45
1939-10-14,W,HOME,7,352,20,19,UNRANKED,UNRANKED,UNRANKED,115
1939-10-21,W,AWAY,7,425,14,7,2,UNRANKED,UNRANKED,83
1939-10-28,W,AWAY,7,63,7,6,2,UNRANKED,UNRANKED,21
1939-11-04,W,YANKEE STADIUM,7,464,14,0,4,UNRANKED,UNRANKED,10
1939-11-11,L,YANKEE STADIUM,7,181,6,7,3,UNRANKED,9,58
1939-11-18,W,HOME,7,369,7,0,9,UNRANKED,UNRANKED,90
1939-11-25,L,HOME,7,254,12,20,7,4,3,121
1940-10-05,W,HOME,7,40,25,7,UNRANKED,UNRANKED,UNRANKED,100
1940-10-12,W,HOME,7,459,26,20,UNRANKED,UNRANKED,UNRANKED,45
1940-10-19,W,HOME,7,183,61,0,6,UNRANKED,UNRANKED,21
1940-10-26,W,AWAY,7,85,26,0,2,UNRANKED,UNRANKED,54
1940-11-02,W,YANKEE STADIUM,7,464,7,0,2,UNRANKED,UNRANKED,10
1940-11-09,W,AWAY,7,425,13,7,7,UNRANKED,UNRANKED,83
1940-11-16,L,HOME,7,181,0,7,7,UNRANKED,UNRANKED,58
1940-11-23,L,AWAY,7,369,0,20,14,10,8,90
1940-12-07,W,AWAY,7,254,10,6,UNRANKED,UNRANKED,UNRANKED,121
1941-09-27,W,HOME,9,359,38,7,UNRANKED,UNRANKED,UNRANKED,8
1941-10-04,W,HOME,9,76,19,6,UNRANKED,UNRANKED,UNRANKED,56
1941-10-11,W,AWAY,9,459,20,0,UNRANKED,UNRANKED,UNRANKED,45
1941-10-18,W,AWAY,9,183,16,0,8,UNRANKED,UNRANKED,21
1941-10-25,W,HOME,9,85,49,14,7,UNRANKED,UNRANKED,54
1941-11-01,T,YANKEE STADIUM,9,175,0,0,6,14,UNRANKED,10
1941-11-08,W,AWAY,9,425,20,13,7,6,10,83
1941-11-15,W,AWAY,9,369,7,6,5,8,11,90
1941-11-22,W,HOME,9,411,20,18,4,UNRANKED,UNRANKED,121
1942-09-26,T,AWAY,9,243,7,7,UNRANKED,UNRANKED,3,150
1942-10-03,L,HOME,9,459,6,13,UNRANKED,UNRANKED,5,45
1942-10-10,W,HOME,9,345,27,0,UNRANKED,UNRANKED,12,125
1942-10-17,W,HOME,9,47,28,0,UNRANKED,UNRANKED,UNRANKED,59
1942-10-24,W,AWAY,9,396,21,14,8,5,UNRANKED,54
1942-10-31,W,AWAY,9,72,9,0,4,UNRANKED,UNRANKED,83
1942-11-07,W,YANKEE STADIUM,9,175,13,0,4,19,UNRANKED,10
1942-11-14,L,HOME,9,208,20,32,4,6,9,76
1942-11-21,W,HOME,9,369,27,20,8,UNRANKED,UNRANKED,90
1942-11-28,W,AWAY,9,272,13,0,8,14,UNRANKED,121
1942-12-05,T,AWAY,9,440,13,13,8,UNRANKED,UNRANKED,47
1943-09-25,W,AWAY,9,131,41,0,UNRANKED,UNRANKED,UNRANKED,104
1943-10-02,W,HOME,9,459,55,13,UNRANKED,UNRANKED,13,45
1943-10-09,W,AWAY,9,208,35,12,1,2,3,76
1943-10-16,W,AWAY,9,243,50,0,1,UNRANKED,UNRANKED,150
1943-10-23,W,HOME,9,396,47,0,1,UNRANKED,UNRANKED,54
1943-10-30,W,CLEVELAND,9,72,33,6,1,3,4,83
1943-11-06,W,YANKEE STADIUM,9,175,26,0,1,3,11,10
1943-11-13,W,AWAY,9,369,25,6,1,8,9,90
1943-11-20,W,HOME,9,168,14,13,1,2,2,59
1943-11-27,L,AWAY,9,440,14,19,1,UNRANKED,6,47
1944-09-30,W,AWAY,6,131,58,0,UNRANKED,UNRANKED,UNRANKED,104
1944-10-07,W,HOME,6,132,26,0,UNRANKED,UNRANKED,UNRANKED,133
1944-10-14,W,FENWAY PARK,6,176,64,0,1,UNRANKED,UNRANKED,34
1944-10-21,W,HOME,6,243,28,13,1,UNRANKED,UNRANKED,150
1944-10-28,W,HOME,6,396,13,7,1,14,15,54
1944-11-04,L,AWAY,6,367,13,32,2,6,4,83
1944-11-11,L,YANKEE STADIUM,6,175,0,59,5,1,1,10
1944-11-18,W,HOME,6,369,21,0,11,UNRANKED,UNRANKED,90
1944-11-25,W,AWAY,6,459,21,0,18,10,13,45
1944-12-02,W,HOME,6,374,28,7,9,12,17,47
1945-09-29,W,HOME,14,396,7,0,UNRANKED,UNRANKED,UNRANKED,54
1945-10-06,W,AWAY,14,88,40,7,UNRANKED,UNRANKED,UNRANKED,45
1945-10-13,W,HOME,14,443,34,0,3,UNRANKED,UNRANKED,34
1945-10-20,W,AWAY,14,131,39,9,3,UNRANKED,UNRANKED,104
1945-10-27,W,HOME,14,134,56,0,2,UNRANKED,UNRANKED,58
1945-11-03,T,AWAY,14,367,6,6,2,3,3,83
1945-11-10,L,YANKEE STADIUM,14,175,0,48,2,1,1,10
1945-11-17,W,AWAY,14,369,34,7,7,UNRANKED,UNRANKED,90
1945-11-24,W,AWAY,14,132,32,6,5,UNRANKED,UNRANKED,133
1945-12-01,L,AWAY,14,374,7,39,5,UNRANKED,UNRANKED,47
1946-09-28,W,AWAY,9,396,26,6,UNRANKED,UNRANKED,5,54
1946-10-05,W,HOME,9,457,33,0,UNRANKED,UNRANKED,UNRANKED,104
1946-10-12,W,HOME,9,109,49,6,3,UNRANKED,UNRANKED,106
1946-10-26,W,AWAY,9,181,41,6,2,17,UNRANKED,58
1946-11-02,W,AWAY,9,435,28,0,2,UNRANKED,UNRANKED,83
1946-11-09,T,YANKEE STADIUM,9,175,0,0,2,1,2,10
1946-11-16,W,HOME,9,369,27,0,2,UNRANKED,UNRANKED,90
1946-11-23,W,AWAY,9,246,41,0,2,UNRANKED,UNRANKED,133
1946-11-30,W,HOME,9,272,26,6,2,16,UNRANKED,121
1947-10-04,W,AWAY,9,452,40,6,UNRANKED,UNRANKED,UNRANKED,104
1947-10-11,W,AWAY,9,424,22,7,1,UNRANKED,UNRANKED,106
1947-10-18,W,HOME,9,49,31,0,2,UNRANKED,UNRANKED,84
1947-10-25,W,HOME,9,181,21,0,2,UNRANKED,UNRANKED,58
1947-11-01,W,CLEVELAND,9,435,27,0,1,UNRANKED,UNRANKED,83
1947-11-08,W,HOME,9,175,27,7,1,9,11,10
1947-11-15,W,AWAY,9,83,26,19,1,UNRANKED,UNRANKED,90
1947-11-22,W,HOME,9,246,59,6,2,UNRANKED,UNRANKED,133
1947-12-06,W,AWAY,9,272,38,7,1,3,8,121
1948-09-25,W,HOME,9,424,28,27,UNRANKED,UNRANKED,UNRANKED,106
1948-10-02,W,AWAY,9,452,40,0,UNRANKED,UNRANKED,UNRANKED,104
1948-10-09,W,HOME,9,52,26,7,1,UNRANKED,14,77
1948-10-16,W,AWAY,9,218,44,13,2,UNRANKED,UNRANKED,84
1948-10-23,W,AWAY,9,181,27,12,2,UNRANKED,UNRANKED,58
1948-10-30,W,AWAY,9,228,41,7,2,UNRANKED,UNRANKED,83
1948-11-06,W,AWAY,9,135,42,6,1,UNRANKED,UNRANKED,56
1948-11-13,W,HOME,9,83,12,7,2,8,7,90
1948-11-27,W,HOME,9,255,46,0,2,UNRANKED,UNRANKED,143
1948-12-04,T,AWAY,9,272,14,14,2,UNRANKED,UNRANKED,121
1949-09-24,W,HOME,9,135,49,6,UNRANKED,UNRANKED,UNRANKED,56
1949-10-01,W,AWAY,9,255,27,7,UNRANKED,UNRANKED,UNRANKED,143
1949-10-08,W,AWAY,9,424,35,12,2,UNRANKED,UNRANKED,106
1949-10-15,W,HOME,9,246,46,7,1,4,UNRANKED,133
1949-10-29,W,AWAY,9,228,40,0,1,UNRANKED,UNRANKED,83
1949-11-05,W,AWAY,9,52,34,21,1,10,19,77
1949-11-12,W,YANKEE STADIUM,9,108,42,6,1,UNRANKED,16,87
1949-11-19,W,HOME,9,181,28,7,1,UNRANKED,UNRANKED,58
1949-11-26,W,HOME,9,272,32,0,1,17,UNRANKED,121
1949-12-03,W,COTTON BOWL,9,352,27,20,1,UNRANKED,UNRANKED,115
1950-09-30,W,HOME,9,108,14,7,1,20,UNRANKED,87
1950-10-07,L,HOME,9,424,14,28,1,UNRANKED,UNRANKED,106
1950-10-14,W,AWAY,9,246,13,9,10,UNRANKED,20,133
1950-10-21,L,AWAY,9,135,7,20,11,UNRANKED,UNRANKED,56
1950-10-28,L,HOME,9,52,33,36,UNRANKED,15,8,77
1950-11-04,W,AWAY,9,182,19,10,UNRANKED,UNRANKED,UNRANKED,83
1950-11-11,W,HOME,9,334,18,7,UNRANKED,UNRANKED,UNRANKED,104
1950-11-18,T,AWAY,9,327,14,14,UNRANKED,UNRANKED,UNRANKED,58
1950-12-02,L,AWAY,9,272,7,9,UNRANKED,UNRANKED,UNRANKED,121
1951-09-29,W,HOME,9,135,48,6,14,UNRANKED,UNRANKED,56
1951-10-05,W,BRIGGS STADIUM,9,172,40,6,5,UNRANKED,UNRANKED,37
1951-10-13,L,HOME,9,239,20,27,5,UNRANKED,UNRANKED,115
1951-10-20,W,AWAY,9,435,33,0,UNRANKED,UNRANKED,UNRANKED,104
1951-10-27,W,HOME,9,424,30,9,15,UNRANKED,UNRANKED,106
1951-11-03,W,AWAY,9,182,19,0,13,UNRANKED,UNRANKED,83
1951-11-10,L,AWAY,9,52,0,35,11,5,2,77
1951-11-17,W,AWAY,9,108,12,7,UNRANKED,UNRANKED,UNRANKED,87
1951-11-24,T,HOME,9,327,20,20,UNRANKED,UNRANKED,UNRANKED,58
1951-12-01,W,AWAY,9,281,19,12,UNRANKED,20,UNRANKED,121
1952-09-27,T,AWAY,9,223,7,7,10,12,UNRANKED,102
1952-10-04,W,AWAY,9,180,14,3,19,5,10,129
1952-10-11,L,HOME,9,339,19,22,8,UNRANKED,UNRANKED,104
1952-10-18,W,AWAY,9,424,26,14,UNRANKED,9,18,106
1952-10-25,W,HOME,9,108,34,14,16,UNRANKED,UNRANKED,87
1952-11-01,W,AWAY,9,182,17,6,13,UNRANKED,UNRANKED,83
1952-11-08,W,HOME,9,97,27,21,10,4,4,95
1952-11-15,L,AWAY,9,52,3,21,6,1,1,77
1952-11-22,W,AWAY,9,190,27,0,9,UNRANKED,UNRANKED,58
1952-11-29,W,HOME,9,281,9,0,7,2,5,121
1953-09-26,W,AWAY,9,97,28,21,1,6,4,95
1953-10-03,W,AWAY,9,424,37,7,1,UNRANKED,UNRANKED,106
1953-10-17,W,HOME,9,339,23,14,1,15,UNRANKED,104
1953-10-24,W,HOME,9,88,27,14,1,4,8,45
1953-10-31,W,HOME,9,182,38,7,1,20,UNRANKED,83
1953-11-07,W,AWAY,9,223,28,20,1,UNRANKED,UNRANKED,102
1953-11-14,W,AWAY,9,216,34,14,1,UNRANKED,UNRANKED,87
1953-11-21,T,HOME,9,190,14,14,1,20,9,58
1953-11-28,W,AWAY,9,281,48,14,2,20,UNRANKED,121
1953-12-05,W,HOME,9,110,40,14,2,UNRANKED,UNRANKED,115
1954-09-25,W,HOME,27,180,21,0,2,4,UNRANKED,129
1954-10-02,L,HOME,27,424,14,27,1,19,UNRANKED,106
1954-10-09,W,AWAY,27,339,33,0,8,UNRANKED,UNRANKED,104
1954-10-16,W,HOME,27,171,20,19,8,UNRANKED,UNRANKED,77
1954-10-30,W,AWAY,27,182,6,0,6,15,5,83
1954-11-06,W,AWAY,27,422,42,7,5,UNRANKED,UNRANKED,102
1954-11-13,W,HOME,27,216,42,13,5,UNRANKED,UNRANKED,87
1954-11-20,W,AWAY,27,190,34,18,4,19,UNRANKED,58
1954-11-27,W,HOME,27,281,23,17,4,17,17,121
1954-12-04,W,COTTON BOWL,27,110,26,14,4,UNRANKED,UNRANKED,115
1955-09-24,W,HOME,27,110,17,0,11,UNRANKED,UNRANKED,115
1955-10-01,W,HOME,27,48,19,0,4,UNRANKED,UNRANKED,56
1955-10-07,W,AWAY,27,41,14,0,5,15,14,74
1955-10-15,L,AWAY,27,171,7,21,4,13,2,77
1955-10-22,W,AWAY,27,424,22,7,11,UNRANKED,UNRANKED,106
1955-10-29,W,HOME,27,182,21,7,9,4,18,83
1955-11-05,W,AWAY,27,422,46,14,6,UNRANKED,UNRANKED,102
1955-11-12,W,AWAY,27,216,27,7,5,UNRANKED,UNRANKED,87
1955-11-19,W,HOME,27,190,17,14,4,UNRANKED,UNRANKED,58
1955-11-26,L,AWAY,27,281,20,42,5,UNRANKED,13,121
1956-09-22,L,COTTON BOWL,27,110,13,19,3,UNRANKED,UNRANKED,115
1956-10-06,W,HOME,27,48,20,6,17,UNRANKED,UNRANKED,56
1956-10-13,L,HOME,27,261,14,28,18,UNRANKED,UNRANKED,106
1956-10-20,L,HOME,27,171,14,47,UNRANKED,2,9,77
1956-10-27,L,HOME,27,97,0,40,UNRANKED,2,1,95
1956-11-03,L,AWAY,27,182,7,33,UNRANKED,UNRANKED,16,83
1956-11-10,L,AWAY,27,309,13,26,UNRANKED,20,13,104
1956-11-17,W,HOME,27,290,21,14,UNRANKED,UNRANKED,UNRANKED,87
1956-11-24,L,AWAY,27,190,8,48,UNRANKED,3,3,58
1956-12-01,L,AWAY,27,281,20,28,UNRANKED,17,18,121
1957-09-28,W,AWAY,27,261,12,0,UNRANKED,UNRANKED,UNRANKED,106
1957-10-05,W,HOME,27,80,26,0,16,UNRANKED,UNRANKED,56
1957-10-12,W,AWAY,27,175,23,21,12,10,18,10
1957-10-26,W,HOME,27,309,13,7,7,UNRANKED,UNRANKED,104
1957-11-02,L,HOME,27,182,6,20,5,16,5,83
1957-11-09,L,AWAY,27,171,6,34,15,4,3,77
1957-11-16,W,AWAY,27,97,7,0,UNRANKED,2,4,95
1957-11-23,L,HOME,27,190,13,21,9,8,6,58
1957-11-30,W,HOME,27,167,40,12,12,UNRANKED,UNRANKED,121
1957-12-07,W,COTTON BOWL,27,66,54,21,12,UNRANKED,UNRANKED,115
1958-09-27,W,HOME,27,387,18,0,5,UNRANKED,UNRANKED,56
1958-10-04,W,COTTON BOWL,27,66,14,6,7,17,18,115
1958-10-11,L,HOME,27,175,2,14,4,3,3,10
1958-10-18,W,HOME,27,67,9,7,12,UNRANKED,UNRANKED,39
1958-10-25,L,HOME,27,261,22,29,11,15,13,106
1958-11-01,W,AWAY,27,182,40,20,UNRANKED,15,UNRANKED,83
1958-11-08,L,AWAY,27,309,26,29,14,UNRANKED,UNRANKED,104
1958-11-15,W,HOME,27,290,34,24,UNRANKED,11,UNRANKED,87
1958-11-22,L,AWAY,27,190,21,31,15,6,2,58
1958-11-29,W,AWAY,27,167,20,13,18,UNRANKED,UNRANKED,121
1959-09-26,W,HOME,20,286,28,8,UNRANKED,UNRANKED,UNRANKED,87
1959-10-03,L,AWAY,20,261,7,28,8,UNRANKED,UNRANKED,106
1959-10-10,W,AWAY,20,384,28,6,UNRANKED,UNRANKED,UNRANKED,19
1959-10-17,L,AWAY,20,171,0,19,UNRANKED,UNRANKED,UNRANKED,77
1959-10-24,L,HOME,20,1,24,30,UNRANKED,2,UNRANKED,90
1959-10-31,W,HOME,20,456,25,22,UNRANKED,UNRANKED,UNRANKED,83
1959-11-07,L,HOME,20,88,10,14,UNRANKED,19,UNRANKED,45
1959-11-14,L,AWAY,20,309,13,28,UNRANKED,UNRANKED,20,104
1959-11-21,W,AWAY,20,190,20,19,UNRANKED,16,UNRANKED,58
1959-11-28,W,HOME,20,167,16,6,UNRANKED,7,14,121
1960-09-24,W,HOME,20,349,21,7,UNRANKED,UNRANKED,UNRANKED,19
1960-10-01,L,HOME,20,261,19,51,12,UNRANKED,19,106
1960-10-08,L,AWAY,20,286,7,12,UNRANKED,UNRANKED,UNRANKED,87
1960-10-15,L,HOME,20,171,0,21,UNRANKED,14,15,77
1960-10-22,L,AWAY,20,1,6,7,UNRANKED,UNRANKED,UNRANKED,90
1960-10-29,L,AWAY,20,456,7,14,UNRANKED,4,4,83
1960-11-05,L,HOME,20,309,13,20,UNRANKED,14,UNRANKED,104
1960-11-12,L,AWAY,20,41,21,28,UNRANKED,UNRANKED,UNRANKED,74
1960-11-19,L,HOME,20,190,0,28,UNRANKED,2,3,58
1960-11-26,W,AWAY,20,307,17,0,UNRANKED,UNRANKED,UNRANKED,121
1961-09-30,W,HOME,20,97,19,6,UNRANKED,UNRANKED,UNRANKED,95
1961-10-07,W,AWAY,20,261,22,20,UNRANKED,UNRANKED,12,106
1961-10-14,W,HOME,20,307,30,0,8,UNRANKED,UNRANKED,121
1961-10-21,L,AWAY,20,171,7,17,6,1,8,77
1961-10-28,L,HOME,20,1,10,12,8,UNRANKED,UNRANKED,90
1961-11-04,L,HOME,20,456,10,13,UNRANKED,UNRANKED,UNRANKED,83
1961-11-11,W,AWAY,20,309,26,20,UNRANKED,UNRANKED,UNRANKED,104
1961-11-18,W,HOME,20,45,17,15,UNRANKED,10,14,126
1961-11-25,L,AWAY,20,279,21,42,UNRANKED,UNRANKED,UNRANKED,58
1961-12-02,L,AWAY,20,67,13,37,UNRANKED,UNRANKED,20,39
1962-09-29,W,AWAY,20,97,13,7,UNRANKED,UNRANKED,8,95
1962-10-06,L,HOME,20,261,6,24,UNRANKED,UNRANKED,UNRANKED,106
1962-10-13,L,AWAY,20,360,8,17,UNRANKED,UNRANKED,2,150
1962-10-20,L,HOME,20,171,7,31,UNRANKED,UNRANKED,UNRANKED,77
1962-10-27,L,AWAY,20,1,6,35,UNRANKED,3,UNRANKED,90
1962-11-03,W,AWAY,20,456,20,12,UNRANKED,UNRANKED,UNRANKED,83
1962-11-10,W,HOME,20,309,43,22,UNRANKED,UNRANKED,UNRANKED,104
1962-11-17,W,HOME,20,286,21,7,UNRANKED,UNRANKED,UNRANKED,87
1962-11-24,W,HOME,20,279,35,12,UNRANKED,UNRANKED,UNRANKED,58
1962-12-01,L,AWAY,20,307,0,25,UNRANKED,1,1,121
1963-09-28,L,HOME,14,360,9,14,UNRANKED,6,UNRANKED,150
1963-10-05,L,AWAY,14,261,6,7,UNRANKED,UNRANKED,UNRANKED,106
1963-10-12,W,HOME,14,307,17,14,UNRANKED,7,UNRANKED,121
1963-10-19,W,HOME,14,54,27,12,UNRANKED,UNRANKED,UNRANKED,135
1963-10-26,L,AWAY,14,311,14,24,UNRANKED,UNRANKED,UNRANKED,125
1963-11-02,L,HOME,14,456,14,35,UNRANKED,4,2,83
1963-11-09,L,HOME,14,309,7,27,UNRANKED,8,4,104
1963-11-16,L,AWAY,14,171,7,12,UNRANKED,4,9,77
1963-11-28,L,YANKEE STADIUM,14,45,7,14,UNRANKED,UNRANKED,UNRANKED,126
1964-09-26,W,AWAY,1,360,31,7,UNRANKED,UNRANKED,UNRANKED,150
1964-10-03,W,HOME,1,261,34,15,9,UNRANKED,UNRANKED,106
1964-10-10,W,AWAY,1,44,34,7,6,UNRANKED,UNRANKED,2
1964-10-17,W,HOME,1,54,24,0,4,UNRANKED,UNRANKED,135
1964-10-24,W,HOME,1,311,28,6,2,UNRANKED,UNRANKED,125
1964-10-31,W,PHILADELPHIA,1,456,40,0,2,UNRANKED,UNRANKED,83
1964-11-07,W,AWAY,1,309,17,15,1,UNRANKED,UNRANKED,104
1964-11-14,W,HOME,1,171,34,7,1,UNRANKED,UNRANKED,77
1964-11-21,W,HOME,1,279,28,0,1,UNRANKED,UNRANKED,58
1964-11-28,L,AWAY,1,307,17,20,1,UNRANKED,10,121
1965-09-18,W,AWAY,1,400,48,6,3,UNRANKED,UNRANKED,19
1965-09-25,L,AWAY,1,261,21,25,1,6,UNRANKED,106
1965-10-02,W,HOME,1,38,38,7,8,UNRANKED,UNRANKED,90
1965-10-09,W,SHEA STADIUM,1,376,17,0,7,UNRANKED,UNRANKED,10
1965-10-23,W,HOME,1,307,28,7,7,4,10,121
1965-10-30,W,HOME,1,59,29,3,4,UNRANKED,UNRANKED,83
1965-11-06,W,AWAY,1,309,69,13,4,UNRANKED,UNRANKED,104
1965-11-13,W,HOME,1,286,17,0,4,UNRANKED,UNRANKED,87
1965-11-20,L,HOME,1,171,3,12,4,1,2,77
1965-11-27,T,AWAY,1,119,0,0,6,UNRANKED,UNRANKED,74
1966-09-24,W,HOME,1,261,26,14,8,7,7,106
1966-10-01,W,AWAY,1,38,35,7,4,UNRANKED,UNRANKED,90
1966-10-08,W,HOME,1,433,35,0,3,UNRANKED,UNRANKED,10
1966-10-15,W,HOME,1,286,32,0,2,UNRANKED,UNRANKED,87
1966-10-22,W,AWAY,1,288,38,0,1,10,UNRANKED,95
1966-10-29,W,PHILADELPHIA,1,59,31,7,1,UNRANKED,UNRANKED,83
1966-11-05,W,HOME,1,159,40,0,1,UNRANKED,UNRANKED,104
1966-11-12,W,HOME,1,436,64,0,1,UNRANKED,UNRANKED,39
1966-11-19,T,AWAY,1,171,10,10,1,2,2,77
1966-11-26,W,AWAY,1,307,51,0,1,10,UNRANKED,121
1967-09-23,W,HOME,1,400,41,8,1,UNRANKED,UNRANKED,19
1967-09-30,L,AWAY,1,261,21,28,1,10,9,106
1967-10-07,W,HOME,1,398,56,6,6,UNRANKED,UNRANKED,58
1967-10-14,L,HOME,1,307,7,24,5,1,1,121
1967-10-21,W,AWAY,1,292,47,7,UNRANKED,UNRANKED,UNRANKED,54
1967-10-28,W,HOME,1,171,24,12,UNRANKED,UNRANKED,UNRANKED,77
1967-11-04,W,HOME,1,59,43,14,10,UNRANKED,UNRANKED,83
1967-11-11,W,AWAY,1,159,38,0,9,UNRANKED,UNRANKED,104
1967-11-18,W,AWAY,1,96,36,3,9,UNRANKED,UNRANKED,45
1967-11-24,W,AWAY,1,119,24,22,6,UNRANKED,UNRANKED,74
1968-09-21,W,HOME,1,125,45,21,3,5,11,95
1968-09-28,L,HOME,1,261,22,37,2,1,10,106
1968-10-05,W,AWAY,1,398,51,28,5,UNRANKED,UNRANKED,58
1968-10-12,W,HOME,1,38,27,7,5,UNRANKED,UNRANKED,90
1968-10-19,W,HOME,1,292,58,8,6,UNRANKED,UNRANKED,54
1968-10-26,L,AWAY,1,171,17,21,5,UNRANKED,UNRANKED,77
1968-11-02,W,PHILADELPHIA,1,59,45,14,12,UNRANKED,UNRANKED,83
1968-11-09,W,HOME,1,159,56,7,12,UNRANKED,UNRANKED,104
1968-11-16,W,HOME,1,96,34,6,9,UNRANKED,UNRANKED,45
1968-11-30,T,AWAY,1,307,21,21,9,2,4,121
1969-09-20,W,HOME,1,38,35,10,11,UNRANKED,UNRANKED,90
1969-09-27,L,AWAY,1,261,14,28,9,16,18,106
1969-10-04,W,HOME,1,171,42,28,UNRANKED,14,UNRANKED,77
1969-10-11,W,YANKEE STADIUM,1,433,45,0,15,UNRANKED,UNRANKED,10
1969-10-18,T,HOME,1,307,14,14,11,3,3,121
1969-10-25,W,AWAY,1,289,37,0,12,UNRANKED,UNRANKED,133
1969-11-01,W,HOME,1,404,47,0,10,UNRANKED,UNRANKED,83
1969-11-08,W,AWAY,1,105,49,7,8,UNRANKED,UNRANKED,104
1969-11-15,W,AWAY,1,96,38,20,9,UNRANKED,UNRANKED,45
1969-11-22,W,HOME,1,44,13,6,8,UNRANKED,UNRANKED,2
1970-01-01,L,COTTON BOWL,1,150,17,21,9,1,1,129
1970-09-19,W,AWAY,1,38,35,14,6,UNRANKED,UNRANKED,90
1970-09-26,W,HOME,1,78,48,0,6,UNRANKED,UNRANKED,106
1970-10-03,W,AWAY,1,171,29,0,4,UNRANKED,UNRANKED,77
1970-10-10,W,HOME,1,433,51,10,3,UNRANKED,UNRANKED,10
1970-10-17,W,AWAY,1,5,24,7,3,18,UNRANKED,79
1970-10-31,W,PHILADELPHIA,1,404,56,7,3,UNRANKED,UNRANKED,83
1970-11-07,W,HOME,1,105,46,14,2,UNRANKED,UNRANKED,104
1970-11-14,W,HOME,1,96,10,7,1,UNRANKED,13,45
1970-11-21,W,HOME,1,117,3,0,2,7,7,70
1970-11-28,L,AWAY,1,307,28,38,4,UNRANKED,15,121
1971-01-01,W,COTTON BOWL,1,150,24,11,6,1,3,129
1971-09-18,W,HOME,1,38,50,7,2,UNRANKED,UNRANKED,90
1971-09-25,W,AWAY,1,78,8,7,2,UNRANKED,UNRANKED,106
1971-10-02,W,HOME,1,171,14,2,4,UNRANKED,UNRANKED,77
1971-10-09,W,ORANGE BOWL,1,192,17,0,7,UNRANKED,UNRANKED,74
1971-10-16,W,HOME,1,58,16,0,7,UNRANKED,UNRANKED,87
1971-10-23,L,HOME,1,307,14,28,6,UNRANKED,20,121
1971-10-30,W,HOME,1,404,21,0,12,UNRANKED,UNRANKED,83
1971-11-06,W,AWAY,1,105,56,7,8,UNRANKED,UNRANKED,104
1971-11-13,W,HOME,1,46,21,7,8,UNRANKED,UNRANKED,133
1971-11-20,L,AWAY,1,117,8,28,7,14,11,70
1972-09-23,W,AWAY,1,38,37,0,13,UNRANKED,UNRANKED,90
1972-09-30,W,HOME,1,78,35,14,10,UNRANKED,UNRANKED,106
1972-10-07,W,AWAY,1,171,16,0,7,UNRANKED,UNRANKED,77
1972-10-14,W,HOME,1,105,42,16,7,UNRANKED,UNRANKED,104
1972-10-21,L,HOME,1,36,26,30,8,UNRANKED,UNRANKED,79
1972-10-28,W,HOME,1,74,21,0,13,UNRANKED,UNRANKED,131
1972-11-04,W,VETERANS STADIUM,1,404,42,23,12,UNRANKED,UNRANKED,83
1972-11-11,W,AWAY,1,44,21,7,12,UNRANKED,UNRANKED,2
1972-11-18,W,HOME,1,192,20,17,10,UNRANKED,UNRANKED,74
1972-12-02,L,AWAY,1,307,23,45,10,1,1,121
1973-01-01,L,ORANGE BOWL,1,79,6,40,12,9,4,84
1973-09-22,W,HOME,1,310,44,0,8,UNRANKED,UNRANKED,90
1973-09-29,W,AWAY,1,38,20,7,7,UNRANKED,UNRANKED,106
1973-10-06,W,HOME,1,163,14,10,8,UNRANKED,UNRANKED,77
1973-10-13,W,AWAY,1,34,28,0,9,UNRANKED,UNRANKED,107
1973-10-20,W,AWAY,1,433,62,3,8,UNRANKED,UNRANKED,10
1973-10-27,W,HOME,1,307,23,14,8,6,8,121
1973-11-03,W,HOME,1,229,44,7,5,UNRANKED,UNRANKED,83
1973-11-10,W,AWAY,1,314,31,10,5,20,UNRANKED,104
1973-11-22,W,HOME,1,44,48,15,5,UNRANKED,UNRANKED,2
1973-12-01,W,AWAY,1,384,44,0,5,UNRANKED,UNRANKED,74
1973-12-31,W,SUGAR BOWL,1,373,24,23,3,1,4,4
1974-09-09,W,AWAY,1,382,31,7,3,UNRANKED,UNRANKED,45
1974-09-21,W,AWAY,1,310,49,3,1,UNRANKED,UNRANKED,90
1974-09-28,L,HOME,1,38,20,31,2,UNRANKED,UNRANKED,106
1974-10-05,W,AWAY,1,163,19,14,7,UNRANKED,12,77
1974-10-12,W,HOME,1,34,10,3,6,UNRANKED,UNRANKED,107
1974-10-19,W,HOME,1,252,48,0,7,UNRANKED,UNRANKED,10
1974-10-26,W,HOME,1,384,38,7,7,UNRANKED,UNRANKED,74
1974-11-02,W,VETERANS STADIUM,1,229,14,6,7,UNRANKED,UNRANKED,83
1974-11-16,W,HOME,1,314,14,10,5,17,UNRANKED,104
1974-11-23,W,HOME,1,44,38,0,5,UNRANKED,UNRANKED,2
1974-11-30,L,AWAY,1,307,24,55,5,6,2,121
1975-01-01,W,ORANGE BOWL,1,373,13,11,9,2,5,4
1975-09-15,W,FOXBORO MA,5,316,17,3,9,UNRANKED,UNRANKED,15
1975-09-20,W,AWAY,5,38,17,0,9,UNRANKED,UNRANKED,106
1975-09-27,W,HOME,5,310,31,7,7,UNRANKED,UNRANKED,90
1975-10-04,L,HOME,5,163,3,10,8,UNRANKED,UNRANKED,77
1975-10-11,W,AWAY,5,58,21,14,15,UNRANKED,UNRANKED,87
1975-10-18,W,AWAY,5,44,31,30,15,UNRANKED,UNRANKED,2
1975-10-25,L,HOME,5,307,17,24,14,3,17,121
1975-11-01,W,HOME,5,229,31,10,15,UNRANKED,UNRANKED,83
1975-11-08,W,HOME,5,382,24,3,12,UNRANKED,UNRANKED,45
1975-11-15,L,AWAY,5,314,20,34,9,UNRANKED,15,104
1975-11-22,W,ORANGE BOWL,5,107,32,9,UNRANKED,UNRANKED,UNRANKED,74
1976-09-11,L,HOME,5,314,10,31,11,9,1,104
1976-09-18,W,HOME,5,38,23,0,UNRANKED,UNRANKED,UNRANKED,106
1976-09-25,W,AWAY,5,310,48,0,UNRANKED,UNRANKED,UNRANKED,90
1976-10-02,W,AWAY,5,151,24,6,18,UNRANKED,UNRANKED,77
1976-10-16,W,HOME,5,170,41,0,14,UNRANKED,UNRANKED,98
1976-10-23,W,AWAY,5,282,13,6,12,19,UNRANKED,118
1976-10-30,W,CLEVELAND,5,229,27,21,11,UNRANKED,UNRANKED,83
1976-11-06,L,AWAY,5,382,14,23,11,UNRANKED,UNRANKED,45
1976-11-13,W,HOME,5,373,21,18,18,10,11,4
1976-11-20,W,HOME,5,107,40,27,13,UNRANKED,UNRANKED,74
1976-11-27,L,AWAY,5,313,13,17,13,3,2,121
1976-12-27,W,GATOR BOWL,5,299,20,9,15,20,UNRANKED,101
1977-09-10,W,AWAY,5,263,19,9,3,7,8,104
1977-09-17,L,AWAY,5,321,13,20,3,UNRANKED,UNRANKED,96
1977-09-24,W,AWAY,5,293,31,24,11,UNRANKED,UNRANKED,106
1977-10-01,W,HOME,5,151,16,6,14,UNRANKED,UNRANKED,77
1977-10-15,W,GIANTS STADIUM,5,252,24,0,11,UNRANKED,UNRANKED,10
1977-10-22,W,HOME,5,313,49,19,11,5,13,121
1977-10-29,W,HOME,5,229,43,10,5,UNRANKED,UNRANKED,83
1977-11-05,W,HOME,5,382,69,14,5,UNRANKED,UNRANKED,45
1977-11-12,W,AWAY,5,116,21,17,5,15,19,29
1977-11-19,W,HOME,5,44,49,0,6,UNRANKED,UNRANKED,2
1977-12-03,W,AWAY,5,338,48,10,5,UNRANKED,UNRANKED,74
1978-01-02,W,COTTON BOWL,5,204,38,10,5,1,4,129
1978-09-09,L,HOME,5,455,0,3,5,UNRANKED,15,79
1978-09-23,L,HOME,5,77,14,28,14,5,5,76
1978-09-30,W,HOME,5,293,10,6,UNRANKED,UNRANKED,13,106
1978-10-07,W,AWAY,5,151,29,25,UNRANKED,UNRANKED,12,77
1978-10-14,W,HOME,5,263,26,17,UNRANKED,9,UNRANKED,104
1978-10-21,W,AWAY,5,68,38,15,20,UNRANKED,UNRANKED,2
1978-10-28,W,HOME,5,338,20,0,19,UNRANKED,UNRANKED,74
1978-11-04,W,CLEVELAND,5,229,27,7,15,11,UNRANKED,83
1978-11-11,W,HOME,5,314,31,14,14,UNRANKED,UNRANKED,128
1978-11-18,W,AWAY,5,382,38,21,10,20,UNRANKED,45
1978-11-25,L,AWAY,5,313,25,27,8,3,2,121
1979-01-01,W,COTTON BOWL,5,71,35,34,10,9,10,53
1979-09-15,W,AWAY,5,77,12,10,9,6,18,76
1979-09-22,L,AWAY,5,293,22,28,5,17,10,106
1979-09-29,W,HOME,5,151,27,3,15,7,UNRANKED,77
1979-10-06,W,HOME,5,382,21,13,10,UNRANKED,UNRANKED,45
1979-10-13,W,AWAY,5,322,38,13,10,UNRANKED,UNRANKED,2
1979-10-20,L,HOME,5,313,23,42,9,4,2,121
1979-10-27,W,HOME,5,282,18,17,14,UNRANKED,UNRANKED,118
1979-11-03,W,HOME,5,229,14,0,13,UNRANKED,UNRANKED,83
1979-11-10,L,AWAY,5,314,18,40,13,UNRANKED,UNRANKED,128
1979-11-17,L,HOME,5,147,10,16,UNRANKED,14,UNRANKED,29
1979-11-24,W,TOKYO,5,237,40,15,UNRANKED,UNRANKED,UNRANKED,74
1980-09-06,W,HOME,5,293,31,10,11,9,17,106
1980-09-20,W,HOME,5,77,29,27,8,14,4,76
1980-10-04,W,AWAY,5,203,26,21,7,UNRANKED,UNRANKED,77
1980-10-11,W,HOME,5,237,32,14,7,13,18,74
1980-10-18,W,HOME,5,178,30,3,5,UNRANKED,UNRANKED,10
1980-10-25,W,AWAY,5,332,20,3,4,UNRANKED,UNRANKED,8
1980-11-01,W,GIANTS STADIUM,5,229,33,0,3,UNRANKED,UNRANKED,83
1980-11-08,T,AWAY,5,56,3,3,1,UNRANKED,UNRANKED,45
1980-11-15,W,BIRMINGHAM,5,373,7,0,6,5,6,4
1980-11-22,W,HOME,5,322,24,10,2,UNRANKED,UNRANKED,2
1980-12-06,L,AWAY,5,313,3,20,2,17,11,121
1981-01-01,L,SUGAR BOWL,5,447,10,17,7,1,1,44
1981-09-12,W,HOME,11,280,27,9,4,UNRANKED,UNRANKED,70
1981-09-19,L,AWAY,11,77,7,25,1,11,12,76
1981-09-26,L,AWAY,11,293,14,15,13,UNRANKED,UNRANKED,106
1981-10-03,W,HOME,11,203,20,7,UNRANKED,UNRANKED,UNRANKED,77
1981-10-10,L,HOME,11,86,13,19,UNRANKED,20,UNRANKED,42
1981-10-24,L,HOME,11,313,7,14,UNRANKED,5,14,121
1981-10-31,W,HOME,11,229,38,0,UNRANKED,UNRANKED,UNRANKED,83
1981-11-07,W,HOME,11,56,35,3,UNRANKED,UNRANKED,UNRANKED,45
1981-11-14,W,AWAY,11,322,35,7,UNRANKED,UNRANKED,UNRANKED,2
1981-11-21,L,AWAY,11,299,21,24,UNRANKED,13,3,101
1981-11-27,L,AWAY,11,237,15,37,UNRANKED,9,8,74
1982-09-18,W,HOME,11,77,23,17,20,10,UNRANKED,76
1982-09-25,W,HOME,11,335,28,14,10,UNRANKED,UNRANKED,106
1982-10-02,W,AWAY,11,203,11,3,11,UNRANKED,UNRANKED,77
1982-10-09,W,HOME,11,237,16,14,10,17,UNRANKED,74
1982-10-16,L,HOME,11,332,13,16,9,UNRANKED,UNRANKED,8
1982-10-23,T,AWAY,11,401,13,13,15,UNRANKED,UNRANKED,98
1982-10-30,W,GIANTS STADIUM,11,213,27,10,UNRANKED,UNRANKED,UNRANKED,83
1982-11-06,W,AWAY,11,189,31,16,UNRANKED,1,10,104
1982-11-13,L,HOME,11,299,14,24,13,5,1,101
1982-11-20,L,AWAY,11,322,17,30,18,UNRANKED,UNRANKED,2
1982-11-27,L,AWAY,11,313,13,17,UNRANKED,17,15,121
1983-09-10,W,AWAY,11,335,52,6,5,UNRANKED,UNRANKED,106
1983-09-17,L,HOME,11,226,23,28,4,UNRANKED,UNRANKED,77
1983-09-24,L,AWAY,11,237,0,20,13,UNRANKED,1,74
1983-10-01,W,AWAY,11,65,27,3,UNRANKED,UNRANKED,UNRANKED,31
1983-10-08,W,AWAY,11,298,30,6,UNRANKED,UNRANKED,UNRANKED,118
1983-10-15,W,GIANTS STADIUM,11,293,42,0,UNRANKED,UNRANKED,UNRANKED,10
1983-10-22,W,HOME,11,427,27,6,UNRANKED,UNRANKED,UNRANKED,121
1983-10-29,W,HOME,11,213,28,12,19,UNRANKED,UNRANKED,83
1983-11-05,L,HOME,11,189,16,21,18,UNRANKED,18,104
1983-11-12,L,AWAY,11,299,30,34,UNRANKED,UNRANKED,UNRANKED,101
1983-11-19,L,HOME,11,322,22,23,UNRANKED,UNRANKED,13,2
1983-12-29,W,LIBERTY BOWL,11,258,19,18,UNRANKED,13,19,15
1984-09-08,L,HOOSIER DOME,11,335,21,23,7,UNRANKED,UNRANKED,106
1984-09-15,W,AWAY,11,226,24,20,UNRANKED,UNRANKED,UNRANKED,77
1984-09-22,W,HOME,11,65,55,14,UNRANKED,UNRANKED,UNRANKED,31
1984-09-29,W,AWAY,11,455,16,14,19,UNRANKED,UNRANKED,79
1984-10-06,L,HOME,11,296,13,31,16,14,18,74
1984-10-13,L,HOME,11,188,7,21,UNRANKED,UNRANKED,UNRANKED,2
1984-10-20,L,HOME,11,298,32,36,UNRANKED,11,11,118
1984-10-27,W,AWAY,11,53,30,22,UNRANKED,7,15,70
1984-11-03,W,GIANTS STADIUM,11,213,18,17,UNRANKED,UNRANKED,UNRANKED,83
1984-11-17,W,HOME,11,299,44,7,UNRANKED,UNRANKED,UNRANKED,101
1984-11-24,W,AWAY,11,427,19,7,UNRANKED,14,10,121
1984-12-29,L,ALOHA BOWL,11,87,20,27,17,10,8,115
1985-09-14,L,AWAY,11,77,12,20,13,UNRANKED,2,76
1985-09-21,W,HOME,11,226,27,10,UNRANKED,UNRANKED,UNRANKED,77
1985-09-28,L,AWAY,11,335,17,35,UNRANKED,UNRANKED,UNRANKED,106
1985-10-05,L,AWAY,11,188,15,21,UNRANKED,17,8,2
1985-10-19,W,HOME,11,293,24,10,UNRANKED,19,UNRANKED,10
1985-10-26,W,HOME,11,427,37,3,UNRANKED,UNRANKED,UNRANKED,121
1985-11-02,W,HOME,11,213,41,17,UNRANKED,UNRANKED,UNRANKED,83
1985-11-09,W,HOME,11,73,37,14,UNRANKED,UNRANKED,UNRANKED,96
1985-11-16,L,AWAY,11,299,6,36,UNRANKED,1,3,101
1985-11-23,L,HOME,11,53,7,10,UNRANKED,17,20,70
1985-11-30,L,AWAY,11,296,7,58,UNRANKED,4,9,74
1986-09-13,L,HOME,24,77,23,24,UNRANKED,3,8,76
1986-09-20,L,AWAY,24,226,15,20,20,UNRANKED,UNRANKED,77
1986-09-27,W,HOME,24,335,41,9,UNRANKED,UNRANKED,UNRANKED,106
1986-10-04,L,BIRMINGHAM,24,399,10,28,UNRANKED,2,9,4
1986-10-11,L,HOME,24,354,9,10,UNRANKED,UNRANKED,UNRANKED,104
1986-10-18,W,HOME,24,188,31,3,UNRANKED,UNRANKED,UNRANKED,2
1986-11-01,W,AWAY,24,213,33,14,UNRANKED,UNRANKED,UNRANKED,83
1986-11-08,W,HOME,24,87,61,29,UNRANKED,UNRANKED,UNRANKED,115
1986-11-15,L,HOME,24,299,19,24,UNRANKED,3,1,101
1986-11-22,L,AWAY,24,53,19,21,UNRANKED,8,10,70
1986-11-29,W,AWAY,24,427,38,37,UNRANKED,17,UNRANKED,121
1987-09-12,W,AWAY,24,77,26,7,16,9,19,76
1987-09-19,W,HOME,24,226,31,8,9,17,8,77
1987-09-26,W,AWAY,24,204,44,20,8,UNRANKED,UNRANKED,106
1987-10-10,L,AWAY,24,354,22,30,4,UNRANKED,UNRANKED,104
1987-10-17,W,AWAY,24,188,35,14,11,UNRANKED,UNRANKED,2
1987-10-24,W,HOME,24,332,26,15,10,UNRANKED,18,121
1987-10-31,W,HOME,24,184,56,13,9,UNRANKED,UNRANKED,83
1987-11-07,W,HOME,24,258,32,25,9,UNRANKED,UNRANKED,15
1987-11-14,W,HOME,24,56,37,6,7,11,UNRANKED,4
1987-11-21,L,AWAY,24,299,20,21,7,UNRANKED,UNRANKED,101
1987-11-28,L,AWAY,24,296,0,24,10,2,1,74
1988-01-01,L,COTTON BOWL,24,263,10,35,12,13,10,130
1988-09-10,W,HOME,24,77,19,17,13,9,4,76
1988-09-17,W,AWAY,24,226,20,3,8,UNRANKED,UNRANKED,77
1988-09-24,W,HOME,24,204,52,7,8,UNRANKED,UNRANKED,106
1988-10-01,W,HOME,24,260,42,14,5,UNRANKED,UNRANKED,125
1988-10-08,W,AWAY,24,354,30,20,5,UNRANKED,UNRANKED,104
1988-10-15,W,HOME,24,296,31,30,4,1,2,74
1988-10-22,W,HOME,24,188,41,13,2,UNRANKED,UNRANKED,2
1988-10-29,W,AWAY,24,184,22,7,2,UNRANKED,UNRANKED,83
1988-11-05,W,HOME,24,278,54,11,1,UNRANKED,UNRANKED,107
1988-11-19,W,HOME,24,299,21,3,1,UNRANKED,UNRANKED,101
1988-11-26,W,AWAY,24,332,27,10,1,2,7,121
1989-01-02,W,FIESTA BOWL,24,169,34,21,1,3,5,147
1989-08-31,W,GIANTS STADIUM,24,229,36,13,2,UNRANKED,18,139
1989-09-16,W,AWAY,24,77,24,19,1,2,7,76
1989-09-23,W,HOME,24,226,21,13,1,UNRANKED,16,77
1989-09-30,W,AWAY,24,204,40,7,1,UNRANKED,UNRANKED,106
1989-10-07,W,AWAY,24,162,27,17,1,UNRANKED,UNRANKED,125
1989-10-14,W,AWAY,24,188,41,27,1,17,UNRANKED,2
1989-10-21,W,HOME,24,332,28,24,1,9,8,121
1989-10-28,W,HOME,24,354,45,7,1,7,17,104
1989-11-04,W,HOME,24,184,41,0,1,UNRANKED,UNRANKED,83
1989-11-11,W,HOME,24,191,59,6,1,UNRANKED,UNRANKED,115
1989-11-18,W,AWAY,24,299,34,23,1,17,15,101
1989-11-25,L,AWAY,24,161,10,27,1,7,1,74
1990-01-01,W,ORANGE BOWL,24,65,21,6,4,1,4,31
1990-09-15,W,HOME,24,212,28,24,1,4,7,76
1990-09-22,W,AWAY,24,226,20,19,1,24,16,77
1990-09-29,W,HOME,24,204,37,11,1,UNRANKED,UNRANKED,106
1990-10-06,L,HOME,24,162,31,36,1,UNRANKED,UNRANKED,125
1990-10-13,W,HOME,24,188,57,27,8,UNRANKED,UNRANKED,2
1990-10-20,W,HOME,24,161,29,20,6,2,3,74
1990-10-27,W,AWAY,24,377,31,22,3,UNRANKED,UNRANKED,104
1990-11-03,W,GIANTS STADIUM,24,217,52,31,2,UNRANKED,UNRANKED,83
1990-11-10,W,AWAY,24,314,34,29,1,9,8,128
1990-11-17,L,HOME,24,299,21,24,1,18,11,101
1990-11-24,W,AWAY,24,332,10,6,7,18,20,121
1991-01-01,L,ORANGE BOWL,24,65,9,10,5,1,1,31
1991-09-07,W,HOME,24,64,49,27,7,UNRANKED,UNRANKED,56
1991-09-14,L,AWAY,24,212,14,24,7,3,6,76
1991-09-21,W,HOME,24,226,49,10,11,UNRANKED,UNRANKED,77
1991-09-28,W,AWAY,24,283,45,20,8,UNRANKED,UNRANKED,106
1991-10-05,W,AWAY,24,162,42,26,8,UNRANKED,22,125
1991-10-12,W,HOME,24,377,42,7,7,12,UNRANKED,104
1991-10-19,W,AWAY,24,188,28,15,5,UNRANKED,25,2
1991-10-26,W,HOME,24,332,24,20,5,UNRANKED,UNRANKED,121
1991-11-02,W,HOME,24,217,38,0,5,UNRANKED,UNRANKED,83
1991-11-09,L,HOME,24,314,34,35,5,13,14,128
1991-11-16,L,AWAY,24,299,13,35,12,8,3,101
1991-11-30,W,AWAY,24,84,48,42,18,UNRANKED,UNRANKED,50
1992-01-01,W,SUGAR BOWL,24,423,39,28,18,3,7,41
1992-09-05,W,SOLDIER FIELD,24,210,42,7,3,UNRANKED,UNRANKED,90
1992-09-12,T,HOME,24,212,17,17,3,6,5,76
1992-09-19,W,AWAY,24,226,52,31,7,UNRANKED,UNRANKED,77
1992-09-26,W,HOME,24,283,48,0,6,UNRANKED,UNRANKED,106
1992-10-03,L,HOME,24,70,16,33,6,18,9,125
1992-10-10,W,AWAY,24,377,52,21,13,UNRANKED,UNRANKED,104
1992-10-24,W,HOME,24,333,42,16,10,UNRANKED,UNRANKED,18
1992-10-31,W,GIANTS STADIUM,24,217,38,7,10,UNRANKED,UNRANKED,83
1992-11-07,W,HOME,24,434,54,7,8,9,21,15
1992-11-14,W,HOME,24,299,17,16,8,22,UNRANKED,101
1992-11-28,W,AWAY,24,332,31,23,5,19,UNRANKED,121
1993-01-01,W,COTTON BOWL,24,390,28,3,5,4,7,130
1993-09-04,W,HOME,24,210,27,12,7,UNRANKED,UNRANKED,90
1993-09-11,W,AWAY,24,212,27,23,11,3,21,76
1993-09-18,W,HOME,24,226,36,14,4,UNRANKED,UNRANKED,77
1993-09-25,W,AWAY,24,283,17,0,4,UNRANKED,UNRANKED,106
1993-10-02,W,AWAY,24,70,48,20,4,UNRANKED,UNRANKED,125
1993-10-09,W,HOME,24,314,44,0,4,UNRANKED,UNRANKED,104
1993-10-16,W,AWAY,24,333,45,20,3,UNRANKED,UNRANKED,18
1993-10-23,W,HOME,24,313,31,13,2,UNRANKED,UNRANKED,121
1993-10-30,W,VETERANS STADIUM,24,217,58,27,2,UNRANKED,UNRANKED,83
1993-11-13,W,HOME,24,86,31,24,2,1,1,42
1993-11-20,L,HOME,24,434,39,41,1,17,13,15
1994-01-01,W,COTTON BOWL,24,390,24,21,4,7,9,130
1994-09-03,W,SOLDIER FIELD,24,210,42,15,3,UNRANKED,UNRANKED,90
1994-09-10,L,HOME,24,212,24,26,3,6,12,76
1994-09-17,W,AWAY,24,226,21,20,8,UNRANKED,UNRANKED,77
1994-09-24,W,HOME,24,283,39,21,9,UNRANKED,UNRANKED,106
1994-10-01,W,HOME,24,70,34,15,8,UNRANKED,UNRANKED,125
1994-10-08,L,AWAY,24,144,11,30,8,UNRANKED,23,15
1994-10-15,L,HOME,24,333,14,21,17,UNRANKED,18,18
1994-10-29,W,HOME,24,217,58,21,UNRANKED,UNRANKED,UNRANKED,83
1994-11-12,L,CITRUS BOWL,24,86,16,23,UNRANKED,8,4,42
1994-11-19,W,HOME,24,188,42,30,UNRANKED,UNRANKED,UNRANKED,2
1994-11-26,T,AWAY,24,313,17,17,UNRANKED,17,13,121
1995-01-02,L,FIESTA BOWL,24,65,24,41,UNRANKED,4,3,31
1995-09-02,L,HOME,24,210,15,17,9,UNRANKED,8,90
1995-09-09,W,AWAY,24,283,35,28,25,UNRANKED,UNRANKED,106
1995-09-16,W,HOME,24,407,41,0,24,UNRANKED,UNRANKED,138
1995-09-23,W,HOME,24,305,55,27,21,13,14,129
1995-09-30,L,AWAY,24,302,26,45,15,7,6,94
1995-10-07,W,AWAY,24,287,29,21,23,15,UNRANKED,143
1995-10-14,W,GIANTS STADIUM,24,82,28,27,17,UNRANKED,UNRANKED,10
1995-10-21,W,HOME,24,313,38,10,17,5,12,121
1995-10-28,W,HOME,24,144,20,10,12,UNRANKED,UNRANKED,15
1995-11-04,W,HOME,24,120,35,17,8,UNRANKED,UNRANKED,83
1995-11-18,W,AWAY,24,188,44,14,8,UNRANKED,UNRANKED,2
1996-01-01,L,ORANGE BOWL,24,86,26,31,6,8,4,42
1996-09-05,W,AWAY,24,407,14,7,6,UNRANKED,UNRANKED,138
1996-09-14,W,HOME,24,283,35,0,9,UNRANKED,UNRANKED,106
1996-09-21,W,AWAY,24,305,27,24,9,6,23,129
1996-09-28,L,HOME,24,302,16,29,5,4,2,94
1996-10-12,W,HOME,24,287,54,20,11,16,16,143
1996-10-19,L,HOME,24,188,17,20,8,UNRANKED,UNRANKED,2
1996-11-02,W,DUBLIN,24,120,54,27,19,UNRANKED,UNRANKED,83
1996-11-09,W,AWAY,24,144,48,21,17,UNRANKED,UNRANKED,15
1996-11-16,W,HOME,24,314,60,6,14,UNRANKED,UNRANKED,104
1996-11-23,W,HOME,24,429,62,0,10,UNRANKED,UNRANKED,111
1996-11-30,L,AWAY,24,313,20,27,10,UNRANKED,UNRANKED,121
1997-09-06,W,HOME,2,225,17,13,11,UNRANKED,25,45
1997-09-13,L,AWAY,2,300,17,28,12,UNRANKED,15,106
1997-09-20,L,HOME,2,362,7,23,UNRANKED,17,UNRANKED,77
1997-09-27,L,AWAY,2,337,14,21,UNRANKED,6,1,76
1997-10-04,L,AWAY,2,29,15,33,UNRANKED,19,UNRANKED,125
1997-10-11,W,AWAY,2,450,45,21,UNRANKED,UNRANKED,UNRANKED,104
1997-10-18,L,HOME,2,313,17,20,UNRANKED,UNRANKED,UNRANKED,121
1997-10-25,W,HOME,2,438,52,20,UNRANKED,UNRANKED,UNRANKED,15
1997-11-01,W,HOME,2,120,21,17,UNRANKED,UNRANKED,UNRANKED,83
1997-11-15,W,AWAY,2,230,24,6,UNRANKED,11,13,70
1997-11-22,W,HOME,2,169,21,14,UNRANKED,22,UNRANKED,147
1997-11-29,W,AWAY,2,207,23,22,UNRANKED,UNRANKED,UNRANKED,50
1997-12-28,L,INDEPENDENCE BOWL,2,230,9,27,UNRANKED,15,13,70
1998-09-05,W,HOME,2,337,36,20,22,5,12,76
1998-09-12,L,AWAY,2,362,23,45,10,UNRANKED,UNRANKED,77
1998-09-26,W,HOME,2,300,31,30,23,UNRANKED,24,106
1998-10-03,W,HOME,2,29,35,17,23,UNRANKED,UNRANKED,125
1998-10-10,W,AWAY,2,95,28,9,22,UNRANKED,UNRANKED,9
1998-10-24,W,HOME,2,82,20,17,18,UNRANKED,UNRANKED,10
1998-10-31,W,HOME,2,155,27,3,16,UNRANKED,UNRANKED,12
1998-11-07,W,AWAY,2,438,31,26,13,UNRANKED,UNRANKED,15
1998-11-14,W,RALJON MD,2,120,30,0,12,UNRANKED,UNRANKED,83
1998-11-21,W,HOME,2,230,39,36,10,UNRANKED,UNRANKED,70
1998-11-28,L,AWAY,2,377,0,10,9,UNRANKED,UNRANKED,121
1999-01-01,L,GATOR BOWL,2,225,28,35,17,12,9,45
1999-08-28,W,HOME,2,428,48,13,18,UNRANKED,UNRANKED,62
1999-09-04,L,AWAY,2,337,22,26,16,7,5,76
1999-09-11,L,AWAY,2,300,23,28,16,20,25,106
1999-09-18,L,HOME,2,362,13,23,24,UNRANKED,7,77
1999-10-02,W,HOME,2,81,34,30,UNRANKED,23,UNRANKED,95
1999-10-09,W,HOME,2,95,48,17,UNRANKED,UNRANKED,UNRANKED,9
1999-10-16,W,HOME,2,377,25,24,UNRANKED,UNRANKED,UNRANKED,121
1999-10-30,W,HOME,2,120,28,24,UNRANKED,UNRANKED,UNRANKED,83
1999-11-06,L,AWAY,2,389,14,38,24,4,9,128
1999-11-13,L,AWAY,2,450,27,37,UNRANKED,UNRANKED,UNRANKED,104
1999-11-20,L,HOME,2,438,29,31,UNRANKED,25,UNRANKED,15
1999-11-27,L,AWAY,2,29,37,40,UNRANKED,UNRANKED,UNRANKED,125
2000-09-02,W,HOME,2,390,24,10,UNRANKED,25,UNRANKED,130
2000-09-09,L,HOME,2,200,24,27,23,1,8,84
2000-09-16,W,HOME,2,300,23,21,21,13,13,106
2000-09-23,L,AWAY,2,91,21,27,16,23,UNRANKED,77
2000-10-07,W,HOME,2,29,20,14,25,UNRANKED,UNRANKED,125
2000-10-14,W,ORLANDO,2,120,45,14,20,UNRANKED,UNRANKED,83
2000-10-21,W,AWAY,2,169,42,28,20,UNRANKED,UNRANKED,147
2000-10-28,W,HOME,2,188,34,31,19,UNRANKED,UNRANKED,2
2000-11-11,W,HOME,2,438,28,16,11,UNRANKED,UNRANKED,15
2000-11-18,W,AWAY,2,429,45,17,11,UNRANKED,UNRANKED,111
2000-11-25,W,AWAY,2,377,38,21,11,UNRANKED,UNRANKED,121
2001-01-01,L,FIESTA BOWL,2,161,9,41,10,5,4,99
2001-09-08,L,AWAY,2,200,10,27,17,5,8,84
2001-09-22,L,HOME,2,91,10,17,23,UNRANKED,UNRANKED,77
2001-09-29,L,AWAY,2,390,3,24,UNRANKED,UNRANKED,UNRANKED,130
2001-10-06,W,HOME,2,450,24,7,UNRANKED,UNRANKED,UNRANKED,104
2001-10-13,W,HOME,2,403,34,24,UNRANKED,UNRANKED,UNRANKED,147
2001-10-20,W,HOME,2,383,27,16,UNRANKED,UNRANKED,UNRANKED,121
2001-10-27,L,AWAY,2,438,17,21,UNRANKED,UNRANKED,21,15
2001-11-03,L,HOME,2,389,18,28,UNRANKED,7,4,128
2001-11-17,W,HOME,2,405,34,16,UNRANKED,UNRANKED,UNRANKED,83
2001-11-24,L,AWAY,2,29,13,17,UNRANKED,13,16,125
2001-12-01,W,AWAY,2,300,24,18,UNRANKED,UNRANKED,UNRANKED,106
2002-08-31,W,GIANTS STADIUM,29,391,22,0,UNRANKED,21,13,72
2002-09-07,W,HOME,29,300,24,17,23,UNRANKED,UNRANKED,106
2002-09-14,W,HOME,29,337,25,23,20,7,9,76
2002-09-21,W,AWAY,29,91,21,17,12,UNRANKED,UNRANKED,77
2002-10-05,W,HOME,29,98,31,7,9,UNRANKED,UNRANKED,125
2002-10-12,W,HOME,29,450,14,6,8,UNRANKED,19,104
2002-10-19,W,AWAY,29,188,21,14,7,18,UNRANKED,2
2002-10-26,W,AWAY,29,86,34,24,6,11,21,42
2002-11-02,L,HOME,29,438,7,14,4,UNRANKED,UNRANKED,15
2002-11-09,W,BALTIMORE,29,378,30,23,9,UNRANKED,UNRANKED,83
2002-11-23,W,HOME,29,235,42,0,8,UNRANKED,UNRANKED,111
2002-11-30,L,AWAY,29,383,13,44,7,6,4,121
2003-01-01,L,GATOR BOWL,29,124,6,28,11,17,12,88
2003-09-06,W,HOME,29,57,29,26,19,UNRANKED,9,145
2003-09-13,L,AWAY,29,337,0,38,15,5,6,76
2003-09-20,L,HOME,29,304,16,22,UNRANKED,UNRANKED,UNRANKED,77
2003-09-27,L,AWAY,29,300,10,23,UNRANKED,22,18,106
2003-10-11,W,AWAY,29,450,20,14,UNRANKED,15,UNRANKED,104
2003-10-18,L,HOME,29,383,14,45,UNRANKED,5,1,121
2003-10-25,L,AWAY,29,438,25,27,UNRANKED,UNRANKED,UNRANKED,15
2003-11-01,L,HOME,29,86,0,37,UNRANKED,5,11,42
2003-11-08,W,HOME,29,378,27,24,UNRANKED,UNRANKED,UNRANKED,83
2003-11-15,W,HOME,29,211,33,14,UNRANKED,UNRANKED,UNRANKED,18
2003-11-29,W,AWAY,29,98,57,7,UNRANKED,UNRANKED,UNRANKED,125
2003-12-06,L,AWAY,29,379,12,38,UNRANKED,UNRANKED,UNRANKED,126
2004-09-04,L,AWAY,29,211,17,20,UNRANKED,UNRANKED,UNRANKED,18
2004-09-11,W,HOME,29,337,28,20,UNRANKED,8,14,76
2004-09-18,W,AWAY,29,304,31,24,UNRANKED,UNRANKED,UNRANKED,77
2004-09-25,W,HOME,29,320,38,3,UNRANKED,UNRANKED,UNRANKED,143
2004-10-02,L,HOME,29,300,16,41,UNRANKED,15,UNRANKED,106
2004-10-09,W,HOME,29,98,23,15,UNRANKED,UNRANKED,UNRANKED,125
2004-10-16,W,GIANTS STADIUM,29,378,27,9,UNRANKED,UNRANKED,24,83
2004-10-23,L,HOME,29,438,23,24,24,UNRANKED,21,15
2004-11-06,W,AWAY,29,389,17,13,UNRANKED,9,13,128
2004-11-13,L,HOME,29,450,38,41,24,UNRANKED,25,104
2004-11-27,L,AWAY,29,383,10,41,UNRANKED,1,1,121
2004-12-28,L,INSIGHT BOWL,22,358,21,38,UNRANKED,UNRANKED,UNRANKED,99
2005-09-03,W,AWAY,4,156,42,21,UNRANKED,23,UNRANKED,104
2005-09-10,W,AWAY,4,337,17,10,20,3,UNRANKED,76
2005-09-17,L,HOME,4,304,41,44,10,UNRANKED,UNRANKED,77
2005-09-24,W,AWAY,4,29,36,17,16,UNRANKED,UNRANKED,143
2005-10-01,W,AWAY,4,300,49,28,13,22,UNRANKED,106
2005-10-15,L,HOME,4,383,31,34,9,1,2,121
2005-10-22,W,HOME,4,94,49,23,9,UNRANKED,UNRANKED,18
2005-11-05,W,HOME,4,389,41,21,8,UNRANKED,UNRANKED,128
2005-11-12,W,HOME,4,378,42,21,7,UNRANKED,UNRANKED,83
2005-11-19,W,HOME,4,234,34,10,6,UNRANKED,UNRANKED,126
2005-11-26,W,AWAY,4,450,38,31,6,UNRANKED,UNRANKED,125
2006-01-02,L,FIESTA BOWL,4,291,20,34,5,4,4,94
2006-09-02,W,AWAY,4,111,14,10,2,UNRANKED,UNRANKED,45
2006-09-09,W,HOME,4,299,41,17,4,19,24,101
2006-09-16,L,HOME,4,337,21,47,2,11,8,76
2006-09-23,W,AWAY,4,304,40,37,12,UNRANKED,UNRANKED,77
2006-09-30,W,HOME,4,300,35,21,12,UNRANKED,UNRANKED,106
2006-10-07,W,HOME,4,450,31,10,12,UNRANKED,UNRANKED,125
2006-10-21,W,HOME,4,319,20,17,10,UNRANKED,UNRANKED,135
2006-10-28,W,BALTIMORE,4,378,38,14,11,UNRANKED,UNRANKED,83
2006-11-04,W,HOME,4,301,45,26,11,UNRANKED,UNRANKED,87
2006-11-11,W,AWAY,4,188,39,17,9,UNRANKED,UNRANKED,2
2006-11-18,W,HOME,4,90,41,9,6,UNRANKED,UNRANKED,10
2006-11-25,L,AWAY,4,383,24,44,6,3,4,121
2007-01-03,L,SUGAR BOWL,4,336,14,41,11,4,3,70
2007-09-01,L,HOME,4,111,3,33,UNRANKED,UNRANKED,UNRANKED,45
2007-09-08,L,AWAY,4,299,10,31,UNRANKED,14,UNRANKED,101
2007-09-15,L,AWAY,4,337,0,38,UNRANKED,UNRANKED,18,76
2007-09-22,L,HOME,4,346,14,31,UNRANKED,UNRANKED,UNRANKED,77
2007-09-29,L,AWAY,4,300,19,33,UNRANKED,UNRANKED,UNRANKED,106
2007-10-06,W,AWAY,4,319,20,6,UNRANKED,UNRANKED,UNRANKED,135
2007-10-13,L,HOME,4,274,14,27,UNRANKED,4,10,15
2007-10-20,L,HOME,4,383,0,38,UNRANKED,13,3,121
2007-11-03,L,HOME,4,378,44,46,UNRANKED,UNRANKED,UNRANKED,83
2007-11-10,L,HOME,4,441,24,41,UNRANKED,UNRANKED,UNRANKED,2
2007-11-17,W,HOME,4,426,28,7,UNRANKED,UNRANKED,UNRANKED,39
2007-11-24,W,AWAY,4,285,21,14,UNRANKED,UNRANKED,UNRANKED,125
2008-09-06,W,HOME,4,126,21,13,UNRANKED,UNRANKED,UNRANKED,114
2008-09-13,W,HOME,4,403,35,17,UNRANKED,UNRANKED,UNRANKED,76
2008-09-20,L,AWAY,4,346,7,23,UNRANKED,UNRANKED,24,77
2008-09-27,W,HOME,4,300,38,21,UNRANKED,UNRANKED,UNRANKED,106
2008-10-04,W,HOME,4,285,28,21,UNRANKED,UNRANKED,UNRANKED,125
2008-10-11,L,AWAY,4,100,24,29,UNRANKED,22,UNRANKED,87
2008-10-25,W,AWAY,4,29,33,7,UNRANKED,UNRANKED,UNRANKED,143
2008-11-01,L,HOME,4,156,33,36,UNRANKED,UNRANKED,UNRANKED,104
2008-11-08,L,AWAY,4,274,0,17,UNRANKED,UNRANKED,UNRANKED,15
2008-11-15,W,BALTIMORE,4,323,27,21,UNRANKED,UNRANKED,UNRANKED,83
2008-11-22,L,HOME,4,234,23,24,UNRANKED,UNRANKED,UNRANKED,126
2008-11-29,L,AWAY,4,383,3,38,UNRANKED,5,3,121
2008-12-24,W,HAWAII BOWL,4,233,49,21,UNRANKED,UNRANKED,UNRANKED,50
2009-09-05,W,HOME,4,123,35,0,23,UNRANKED,UNRANKED,85
2009-09-12,L,AWAY,4,403,34,38,18,UNRANKED,UNRANKED,76
2009-09-19,W,HOME,4,346,33,30,UNRANKED,UNRANKED,UNRANKED,77
2009-09-26,W,AWAY,4,148,24,21,UNRANKED,UNRANKED,UNRANKED,106
2009-10-03,W,HOME,4,421,37,30,UNRANKED,UNRANKED,UNRANKED,143
2009-10-17,L,HOME,4,383,27,34,25,6,22,121
2009-10-24,W,HOME,4,202,20,16,UNRANKED,UNRANKED,UNRANKED,15
2009-10-31,W,SAN ANTONIO,4,381,40,14,25,UNRANKED,UNRANKED,145
2009-11-07,L,HOME,4,323,21,23,19,UNRANKED,UNRANKED,83
2009-11-14,L,AWAY,4,156,22,27,UNRANKED,8,15,104
2009-11-21,L,HOME,4,395,30,33,UNRANKED,UNRANKED,UNRANKED,32
2009-11-28,L,AWAY,4,285,38,45,UNRANKED,UNRANKED,UNRANKED,125
2010-09-04,W,HOME,3,148,23,12,UNRANKED,UNRANKED,UNRANKED,106
2010-09-11,L,HOME,3,403,24,28,UNRANKED,UNRANKED,UNRANKED,76
2010-09-18,L,AWAY,3,346,31,34,UNRANKED,UNRANKED,14,77
2010-09-25,L,HOME,3,285,14,37,UNRANKED,16,4,125
2010-10-02,W,AWAY,3,202,31,13,UNRANKED,UNRANKED,UNRANKED,15
2010-10-09,W,HOME,3,156,23,17,UNRANKED,UNRANKED,UNRANKED,104
2010-10-16,W,HOME,3,55,44,20,UNRANKED,UNRANKED,UNRANKED,148
2010-10-23,L,NEW MEADOWLANDS STADIUM,3,323,17,35,UNRANKED,UNRANKED,UNRANKED,83
2010-10-30,L,HOME,3,432,27,28,UNRANKED,UNRANKED,24,134
2010-11-13,W,HOME,3,326,28,3,UNRANKED,15,UNRANKED,136
2010-11-20,W,YANKEE STADIUM,3,402,27,3,UNRANKED,UNRANKED,UNRANKED,10
2010-11-27,W,AWAY,3,329,20,16,UNRANKED,UNRANKED,UNRANKED,121
2010-12-31,W,SUN BOWL,3,277,33,17,UNRANKED,UNRANKED,UNRANKED,74
2011-09-03,L,HOME,3,416,20,23,16,UNRANKED,UNRANKED,120
2011-09-10,L,AWAY,3,92,31,35,UNRANKED,UNRANKED,12,76
2011-09-17,W,HOME,3,346,31,13,UNRANKED,15,11,77
2011-09-24,W,AWAY,3,432,15,12,UNRANKED,UNRANKED,UNRANKED,104
2011-10-01,W,AWAY,3,148,38,10,UNRANKED,UNRANKED,UNRANKED,106
2011-10-08,W,HOME,3,441,59,33,UNRANKED,UNRANKED,UNRANKED,2
2011-10-22,L,HOME,3,329,17,31,UNRANKED,UNRANKED,6,121
2011-10-29,W,HOME,3,323,56,14,UNRANKED,UNRANKED,UNRANKED,83
2011-11-05,W,AWAY,3,284,24,17,UNRANKED,UNRANKED,UNRANKED,142
2011-11-12,W,FEDEX FIELD,3,395,45,21,UNRANKED,UNRANKED,UNRANKED,72
2011-11-19,W,HOME,3,202,16,14,24,UNRANKED,UNRANKED,15
2011-11-26,L,AWAY,3,160,14,28,22,4,7,125
2011-12-29,L,CHAMPS SPORTS BOWL,3,294,14,18,UNRANKED,25,23,42
2012-09-01,W,DUBLIN,3,323,50,10,UNRANKED,UNRANKED,UNRANKED,83
2012-09-08,W,HOME,3,148,20,17,22,UNRANKED,UNRANKED,106
2012-09-15,W,AWAY,3,346,20,3,20,10,UNRANKED,77
2012-09-22,W,HOME,3,92,13,6,11,18,24,76
2012-10-06,W,SOLDIER FIELD,3,35,41,3,9,UNRANKED,UNRANKED,74
2012-10-13,W,HOME,3,160,20,13,7,17,7,125
2012-10-20,W,HOME,3,94,17,14,5,UNRANKED,UNRANKED,18
2012-10-27,W,AWAY,3,81,30,13,5,8,15,95
2012-11-03,W,HOME,3,375,29,26,4,UNRANKED,UNRANKED,104
2012-11-10,W,AWAY,3,202,21,6,4,UNRANKED,UNRANKED,15
2012-11-17,W,HOME,3,284,38,0,3,UNRANKED,UNRANKED,142
2012-11-24,W,AWAY,3,329,22,13,1,UNRANKED,UNRANKED,121
2013-01-07,L,BCS TITLE GAME,3,362,14,42,1,2,1,4
2013-08-31,W,HOME,3,351,28,6,14,UNRANKED,UNRANKED,127
2013-09-07,L,AWAY,3,92,30,41,14,17,UNRANKED,76
2013-09-14,W,AWAY,3,149,31,24,21,UNRANKED,UNRANKED,106
2013-09-21,W,HOME,3,346,17,13,22,UNRANKED,3,77
2013-09-28,L,HOME,3,81,21,35,22,14,6,95
2013-10-05,W,ARLINGTON,3,432,37,34,UNRANKED,22,21,9
2013-10-19,W,HOME,3,179,14,10,UNRANKED,UNRANKED,19,121
2013-10-26,W,AWAY,3,441,45,10,UNRANKED,UNRANKED,UNRANKED,2
2013-11-02,W,HOME,3,323,38,34,UNRANKED,UNRANKED,UNRANKED,83
2013-11-09,L,AWAY,3,375,21,28,24,UNRANKED,UNRANKED,104
2013-11-23,W,HOME,3,94,23,13,UNRANKED,UNRANKED,UNRANKED,18
2013-11-30,L,AWAY,3,160,20,27,25,8,11,125
2013-12-28,W,PINSTRIPE BOWL,3,325,29,16,25,UNRANKED,UNRANKED,111
2014-08-30,W,HOME,3,157,48,17,17,UNRANKED,UNRANKED,107
2014-09-06,W,HOME,3,92,31,0,16,UNRANKED,UNRANKED,76
2014-09-13,W,INDIANAPOLIS,3,149,30,14,11,UNRANKED,UNRANKED,106
2014-09-27,W,METLIFE STADIUM,3,415,31,15,8,UNRANKED,UNRANKED,126
2014-10-04,W,HOME,3,160,17,14,9,14,UNRANKED,125
2014-10-11,W,HOME,3,331,50,43,6,UNRANKED,UNRANKED,87
2014-10-18,L,AWAY,3,294,27,31,5,2,5,42
2014-11-01,W,FEDEX FIELD,3,323,49,39,6,UNRANKED,UNRANKED,83
2014-11-08,L,AWAY,3,432,31,55,8,11,12,9
2014-11-15,L,HOME,3,370,40,43,15,UNRANKED,UNRANKED,90
2014-11-22,L,HOME,3,89,28,31,UNRANKED,UNRANKED,24,67
2014-11-29,L,AWAY,3,421,14,49,UNRANKED,UNRANKED,20,121
2014-12-30,W,MUSIC CITY BOWL,3,336,31,28,UNRANKED,22,UNRANKED,70
2015-09-05,W,HOME,3,118,38,3,11,UNRANKED,UNRANKED,129
2015-09-12,W,AWAY,3,355,34,27,9,UNRANKED,UNRANKED,139
2015-09-19,W,HOME,3,378,30,22,8,14,UNRANKED,45
2015-09-26,W,HOME,3,348,62,27,6,UNRANKED,UNRANKED,73
2015-10-03,L,AWAY,3,143,22,24,6,12,2,29
2015-10-10,W,HOME,3,323,41,24,15,UNRANKED,18,83
2015-10-17,W,HOME,3,133,41,31,14,UNRANKED,UNRANKED,121
2015-10-31,W,PHILADELPHIA,3,351,24,20,9,21,UNRANKED,127
2015-11-07,W,AWAY,3,371,42,30,8,UNRANKED,UNRANKED,104
2015-11-14,W,HOME,3,153,28,7,6,UNRANKED,UNRANKED,142
2015-11-21,W,FENWAY PARK,3,420,19,16,5,UNRANKED,UNRANKED,15
2015-11-28,L,AWAY,3,160,36,38,4,13,3,125
2016-01-01,L,FIESTA BOWL,3,444,28,44,8,7,4,94
2016-09-04,L,AWAY,3,118,47,50,10,UNRANKED,UNRANKED,129
2016-09-10,W,HOME,3,93,39,10,18,UNRANKED,UNRANKED,85
2016-09-17,L,HOME,3,346,28,36,18,12,UNRANKED,77
2016-09-24,L,HOME,3,158,35,38,UNRANKED,UNRANKED,UNRANKED,39
2016-10-01,W,METLIFE STADIUM,3,166,50,33,UNRANKED,UNRANKED,UNRANKED,126
2016-10-08,L,AWAY,3,154,3,10,UNRANKED,UNRANKED,UNRANKED,88
2016-10-15,L,HOME,3,160,10,17,UNRANKED,UNRANKED,12,125
2016-10-29,W,HOME,3,347,30,27,UNRANKED,UNRANKED,20,74
2016-11-05,L,JACKSONVILLE,3,323,27,28,UNRANKED,UNRANKED,UNRANKED,83
2016-11-12,W,SAN ANTONIO,3,275,44,6,UNRANKED,UNRANKED,UNRANKED,10
2016-11-19,L,HOME,3,318,31,34,UNRANKED,UNRANKED,16,140
2016-11-26,L,AWAY,3,133,27,45,UNRANKED,12,3,121
2017-09-02,W,HOME,3,214,49,16,UNRANKED,UNRANKED,UNRANKED,127
2017-09-09,L,HOME,3,324,19,20,24,15,2,44
2017-09-16,W,AWAY,3,420,49,20,UNRANKED,UNRANKED,UNRANKED,15
2017-09-23,W,AWAY,3,346,38,18,UNRANKED,UNRANKED,15,77
2017-09-30,W,HOME,3,127,52,17,22,UNRANKED,UNRANKED,75
2017-10-07,W,AWAY,3,331,33,10,21,UNRANKED,UNRANKED,87
2017-10-21,W,HOME,3,133,49,14,13,11,12,121
2017-10-28,W,HOME,3,154,35,14,9,14,23,88
2017-11-04,W,HOME,3,153,48,37,5,UNRANKED,UNRANKED,142
2017-11-11,L,AWAY,3,347,8,41,3,7,13,74
2017-11-18,W,HOME,3,323,24,17,9,UNRANKED,UNRANKED,83
2017-11-25,L,AWAY,3,160,20,38,9,20,20,125
2018-01-01,W,CITRUS BOWL,3,179,21,17,14,16,18,70
2018-09-01,W,HOME,3,285,24,17,12,14,14,76
2018-09-08,W,HOME,3,356,24,16,8,UNRANKED,UNRANKED,11
2018-09-15,W,HOME,3,164,22,17,8,UNRANKED,UNRANKED,138
2018-09-22,W,AWAY,3,153,56,27,8,UNRANKED,UNRANKED,142
2018-09-29,W,HOME,3,160,38,17,8,7,UNRANKED,125
2018-10-06,W,AWAY,3,318,45,23,6,24,UNRANKED,140
2018-10-13,W,HOME,3,371,19,14,5,UNRANKED,UNRANKED,104
2018-10-27,W,SAN DIEGO,3,323,44,22,3,UNRANKED,UNRANKED,83
2018-11-03,W,AWAY,3,370,31,21,3,UNRANKED,21,90
2018-11-10,W,HOME,3,465,42,13,3,UNRANKED,UNRANKED,42
2018-11-17,W,YANKEE STADIUM,3,166,36,3,3,12,15,126
2018-11-24,W,AWAY,3,133,24,17,3,UNRANKED,UNRANKED,121
2018-12-29,L,COTTON BOWL,3,143,3,30,3,2,1,29
2019-09-02,W,AWAY,3,414,35,17,9,UNRANKED,UNRANKED,67
2019-09-14,W,HOME,3,2,66,14,7,UNRANKED,UNRANKED,86
2019-09-21,L,AWAY,3,324,17,23,7,3,4,44
2019-09-28,W,HOME,3,94,35,20,10,18,UNRANKED,139
2019-10-05,W,HOME,3,413,52,0,9,UNRANKED,UNRANKED,16
2019-10-12,W,HOME,3,133,30,27,9,UNRANKED,UNRANKED,121
2019-10-26,L,AWAY,3,285,14,45,8,19,18,76
2019-11-02,W,HOME,3,318,21,20,16,UNRANKED,UNRANKED,140
2019-11-09,W,AWAY,3,158,38,7,15,UNRANKED,UNRANKED,39
2019-11-16,W,HOME,3,323,52,20,16,23,20,83
2019-11-23,W,HOME,3,420,40,7,16,UNRANKED,UNRANKED,15
2019-11-30,W,AWAY,3,160,45,24,16,UNRANKED,UNRANKED,125
2019-12-28,W,CAMPING WORLD BOWL,3,350,33,9,15,UNRANKED,UNRANKED,60
2020-09-12,W,HOME,3,158,27,13,10,UNRANKED,UNRANKED,39
2020-09-19,W,HOME,3,276,52,0,7,UNRANKED,UNRANKED,120
2020-10-10,W,HOME,3,357,42,26,5,UNRANKED,UNRANKED,42
2020-10-17,W,HOME,3,414,12,7,4,UNRANKED,UNRANKED,67
2020-10-24,W,AWAY,3,371,45,3,3,UNRANKED,UNRANKED,104
2020-10-31,W,AWAY,3,214,31,13,4,UNRANKED,UNRANKED,45
2020-11-07,W,HOME,3,143,47,40,4,1,3,29
2020-11-14,W,AWAY,3,273,45,31,2,UNRANKED,UNRANKED,15
2020-11-27,W,AWAY,3,343,31,17,2,19,18,87
2020-12-05,W,HOME,3,166,45,21,2,UNRANKED,UNRANKED,126
2020-12-19,L,BANK OF AMERICA STADIUM,3,143,10,34,2,3,3,29
2021-01-01,L,ROSE BOWL,3,362,14,31,4,1,1,4
