1887-11-23,L,HOME,667,337,0,8,No Poll,No Poll,No Poll,226
1888-04-20,L,HOME,667,337,6,26,No Poll,No Poll,No Poll,226
1888-04-21,L,HOME,667,337,4,10,No Poll,No Poll,No Poll,226
1888-12-06,W,HOME,667,337,20,0,No Poll,No Poll,No Poll,198
1889-11-14,W,AWAY,667,337,9,0,No Poll,No Poll,No Poll,240
1892-10-19,W,HOME,667,668,56,0,No Poll,No Poll,No Poll,267
1892-11-24,T,HOME,667,337,10,10,No Poll,No Poll,No Poll,202
1893-10-25,W,HOME,667,337,34,0,No Poll,No Poll,No Poll,211
1893-11-11,W,HOME,667,108,8,6,No Poll,No Poll,No Poll,155
1893-11-23,W,HOME,667,668,28,0,No Poll,No Poll,No Poll,185
1893-11-30,W,HOME,667,337,22,10,No Poll,No Poll,No Poll,202
1894-01-01,L,AWAY,667,10,0,8,No Poll,No Poll,No Poll,173
1894-10-13,W,HOME,656,337,14,0,No Poll,No Poll,No Poll,202
1894-10-20,T,HOME,656,109,6,6,No Poll,No Poll,No Poll,155
1894-11-15,W,HOME,656,421,30,0,No Poll,No Poll,No Poll,291
1894-11-22,W,HOME,656,668,18,6,No Poll,No Poll,No Poll,260
1894-11-29,L,HOME,656,109,12,19,No Poll,No Poll,No Poll,155
1895-10-19,W,HOME,650,668,20,0,No Poll,No Poll,No Poll,241
1895-11-07,W,HOME,650,668,18,2,No Poll,No Poll,No Poll,205
1895-11-22,L,HOME,650,668,0,18,No Poll,No Poll,No Poll,207
1895-11-28,W,HOME,650,668,32,0,No Poll,No Poll,No Poll,176
1896-10-08,L,HOME,646,668,0,4,No Poll,No Poll,No Poll,176
1896-10-14,L,HOME,646,10,0,18,No Poll,No Poll,No Poll,173
1896-10-27,W,HOME,646,668,46,0,No Poll,No Poll,No Poll,266
1896-11-14,L,HOME,646,384,22,28,No Poll,No Poll,No Poll,256
1896-11-19,W,HOME,646,110,24,0,No Poll,No Poll,No Poll,155
1896-11-20,W,HOME,646,668,82,0,No Poll,No Poll,No Poll,201
1896-11-26,W,HOME,646,76,8,0,No Poll,No Poll,No Poll,163
1897-10-03,W,HOME,646,14,4,0,No Poll,No Poll,No Poll,186
1897-10-13,T,HOME,646,668,0,0,No Poll,No Poll,No Poll,260
1897-10-28,W,HOME,646,668,62,0,No Poll,No Poll,No Poll,174
1897-11-06,L,AWAY,646,10,5,34,No Poll,No Poll,No Poll,173
1897-11-13,W,HOME,646,668,60,0,No Poll,No Poll,No Poll,273
1897-11-25,W,HOME,646,221,34,6,No Poll,No Poll,No Poll,227
1898-10-08,W,AWAY,646,194,5,0,No Poll,No Poll,No Poll,204
1898-10-15,W,HOME,646,221,53,0,No Poll,No Poll,No Poll,227
1898-10-21,L,AWAY,646,209,0,23,No Poll,No Poll,No Poll,226
1898-10-29,W,HOME,646,386,32,0,No Poll,No Poll,No Poll,186
1898-11-11,L,HOME,646,240,5,11,No Poll,No Poll,No Poll,206
1898-11-19,W,AWAY,646,111,60,0,No Poll,No Poll,No Poll,155
1899-09-27,W,HOME,655,337,29,5,No Poll,No Poll,No Poll,190
1899-09-30,W,HOME,655,85,40,0,No Poll,No Poll,No Poll,227
1899-10-04,L,AWAY,655,10,6,23,No Poll,No Poll,No Poll,173
1899-10-14,W,HOME,655,113,38,0,No Poll,No Poll,No Poll,215
1899-10-18,L,AWAY,655,209,0,12,No Poll,No Poll,No Poll,226
1899-10-23,W,HOME,655,240,17,0,No Poll,No Poll,No Poll,206
1899-10-28,W,HOME,655,76,12,0,No Poll,No Poll,No Poll,240
1899-11-04,W,HOME,655,668,17,0,No Poll,No Poll,No Poll,260
1899-11-18,T,AWAY,655,9,10,10,No Poll,No Poll,No Poll,256
1899-11-30,L,HOME,655,668,0,5,No Poll,No Poll,No Poll,253
1900-09-29,W,HOME,662,337,55,0,No Poll,No Poll,No Poll,196
1900-10-06,W,HOME,662,337,68,0,No Poll,No Poll,No Poll,190
1900-10-13,W,HOME,662,337,64,0,No Poll,No Poll,No Poll,262
1900-10-20,W,HOME,662,118,58,0,No Poll,No Poll,No Poll,178
1900-10-25,L,AWAY,662,240,0,6,No Poll,No Poll,No Poll,206
1900-11-03,T,HOME,662,277,6,6,No Poll,No Poll,No Poll,163
1900-11-10,L,AWAY,662,362,0,54,No Poll,No Poll,No Poll,300
1900-11-17,L,AWAY,662,304,0,7,No Poll,No Poll,No Poll,226
1900-11-24,W,HOME,662,668,5,0,No Poll,No Poll,No Poll,260
1900-11-29,W,HOME,662,668,5,0,No Poll,No Poll,No Poll,253
1901-09-28,T,HOME,662,337,0,0,No Poll,No Poll,No Poll,266
1901-10-05,W,AWAY,662,337,6,0,No Poll,No Poll,No Poll,242
1901-10-12,L,AWAY,662,76,0,2,No Poll,No Poll,No Poll,240
1901-10-19,W,HOME,662,668,32,0,No Poll,No Poll,No Poll,175
1901-10-26,W,AWAY,662,277,5,0,No Poll,No Poll,No Poll,163
1901-11-02,W,HOME,662,668,16,0,No Poll,No Poll,No Poll,215
1901-11-09,W,HOME,662,114,12,6,No Poll,No Poll,No Poll,256
1901-11-16,W,HOME,662,240,18,5,No Poll,No Poll,No Poll,206
1901-11-23,W,HOME,662,668,34,0,No Poll,No Poll,No Poll,253
1901-11-28,W,HOME,662,668,22,6,No Poll,No Poll,No Poll,266
1902-09-27,W,HOME,654,192,33,0,No Poll,No Poll,No Poll,227
1902-10-11,W,HOME,654,100,28,0,No Poll,No Poll,No Poll,215
1902-10-18,L,TOLEDO,654,160,0,23,No Poll,No Poll,No Poll,226
1902-10-25,W,AWAY,654,240,11,5,No Poll,No Poll,No Poll,206
1902-11-01,W,AWAY,654,668,6,5,No Poll,No Poll,No Poll,242
1902-11-08,L,AWAY,654,282,5,12,No Poll,No Poll,No Poll,214
1902-11-15,W,HOME,654,668,92,0,No Poll,No Poll,No Poll,157
1902-11-22,W,AWAY,654,237,22,0,No Poll,No Poll,No Poll,186
1902-11-27,T,AWAY,654,75,6,6,No Poll,No Poll,No Poll,256
1903-10-03,W,HOME,654,94,12,0,No Poll,No Poll,No Poll,227
1903-10-10,W,HOME,654,100,28,0,No Poll,No Poll,No Poll,215
1903-10-17,W,AWAY,654,93,56,0,No Poll,No Poll,No Poll,186
1903-10-24,W,HOME,654,668,52,0,No Poll,No Poll,No Poll,157
1903-10-29,W,HOME,654,668,46,0,No Poll,No Poll,No Poll,176
1903-11-07,W,HOME,654,668,28,0,No Poll,No Poll,No Poll,213
1903-11-14,T,AWAY,654,426,0,0,No Poll,No Poll,No Poll,240
1903-11-21,W,AWAY,654,668,35,0,No Poll,No Poll,No Poll,242
1903-11-26,W,AWAY,654,416,34,0,No Poll,No Poll,No Poll,291
1904-10-01,W,HOME,663,166,12,4,No Poll,No Poll,No Poll,291
1904-10-08,W,HOME,663,668,44,0,No Poll,No Poll,No Poll,157
1904-10-15,L,MILWAUKEE,663,13,0,58,No Poll,No Poll,No Poll,300
1904-10-22,W,AWAY,663,668,17,5,No Poll,No Poll,No Poll,242
1904-10-27,W,HOME,663,668,6,0,No Poll,No Poll,No Poll,282
1904-11-05,L,AWAY,663,21,5,24,No Poll,No Poll,No Poll,212
1904-11-19,W,HOME,663,405,10,0,No Poll,No Poll,No Poll,186
1904-11-24,L,AWAY,663,340,0,36,No Poll,No Poll,No Poll,256
1905-09-30,W,HOME,651,337,44,0,No Poll,No Poll,No Poll,239
1905-10-07,W,HOME,651,94,28,0,No Poll,No Poll,No Poll,227
1905-10-14,L,MILWAUKEE,651,362,0,21,No Poll,No Poll,No Poll,300
1905-10-21,L,HOME,651,166,0,5,No Poll,No Poll,No Poll,291
1905-10-28,W,HOME,651,668,142,0,No Poll,No Poll,No Poll,157
1905-11-04,W,HOME,651,339,71,0,No Poll,No Poll,No Poll,186
1905-11-11,L,AWAY,651,244,5,22,No Poll,No Poll,No Poll,206
1905-11-18,W,HOME,651,668,22,0,No Poll,No Poll,No Poll,164
1905-11-24,L,AWAY,651,471,0,32,No Poll,No Poll,No Poll,256
1906-10-06,W,HOME,665,668,26,0,No Poll,No Poll,No Poll,193
1906-10-13,W,HOME,665,435,17,0,No Poll,No Poll,No Poll,202
1906-10-17,W,HOME,665,94,5,0,No Poll,No Poll,No Poll,227
1906-10-20,W,HOME,665,668,28,0,No Poll,No Poll,No Poll,176
1906-11-03,W,AWAY,665,315,2,0,No Poll,No Poll,No Poll,256
1906-11-10,L,AWAY,665,244,0,12,No Poll,No Poll,No Poll,206
1906-11-24,W,HOME,665,87,29,0,No Poll,No Poll,No Poll,163
1907-10-12,W,HOME,665,668,32,0,No Poll,No Poll,No Poll,176
1907-10-19,W,HOME,665,2,23,0,No Poll,No Poll,No Poll,193
1907-10-26,W,HOME,665,71,22,4,No Poll,No Poll,No Poll,247
1907-11-02,T,HOME,665,244,0,0,No Poll,No Poll,No Poll,206
1907-11-09,W,HOME,665,217,22,4,No Poll,No Poll,No Poll,214
1907-11-23,W,AWAY,665,302,17,0,No Poll,No Poll,No Poll,256
1907-11-28,W,AWAY,665,668,21,12,No Poll,No Poll,No Poll,274
1908-10-03,W,HOME,666,222,39,0,No Poll,No Poll,No Poll,202
1908-10-10,W,HOME,666,668,64,0,No Poll,No Poll,No Poll,193
1908-10-17,L,AWAY,666,160,6,12,No Poll,No Poll,No Poll,226
1908-10-24,W,HOME,666,668,88,0,No Poll,No Poll,No Poll,176
1908-10-29,W,HOME,666,391,58,4,No Poll,No Poll,No Poll,243
1908-11-07,W,AWAY,666,244,11,0,No Poll,No Poll,No Poll,206
1908-11-13,W,AWAY,666,367,8,4,No Poll,No Poll,No Poll,291
1908-11-18,W,HOME,666,668,46,0,No Poll,No Poll,No Poll,273
1908-11-26,W,AWAY,666,437,6,0,No Poll,No Poll,No Poll,221
1909-10-09,W,HOME,648,220,58,0,No Poll,No Poll,No Poll,247
1909-10-16,W,HOME,648,224,60,11,No Poll,No Poll,No Poll,258
1909-10-23,W,HOME,648,94,17,0,No Poll,No Poll,No Poll,227
1909-10-30,W,FORBES FIELD,648,289,6,0,No Poll,No Poll,No Poll,254
1909-11-06,W,AWAY,648,160,11,3,No Poll,No Poll,No Poll,226
1909-11-13,W,HOME,648,215,46,0,No Poll,No Poll,No Poll,225
1909-11-20,W,HOME,648,255,38,0,No Poll,No Poll,No Poll,291
1909-11-25,T,AWAY,648,437,0,0,No Poll,No Poll,No Poll,221
1910-10-08,W,HOME,648,220,48,0,No Poll,No Poll,No Poll,247
1910-10-22,W,HOME,648,170,51,0,No Poll,No Poll,No Poll,153
1910-10-29,L,AWAY,648,94,0,17,No Poll,No Poll,No Poll,227
1910-11-12,W,AWAY,648,224,41,3,No Poll,No Poll,No Poll,258
1910-11-19,W,HOME,648,404,47,0,No Poll,No Poll,No Poll,243
1910-11-24,T,AWAY,648,437,5,5,No Poll,No Poll,No Poll,221
1911-10-07,W,HOME,658,316,32,6,No Poll,No Poll,No Poll,243
1911-10-14,W,HOME,658,668,43,0,No Poll,No Poll,No Poll,273
1911-10-21,W,HOME,658,668,27,0,No Poll,No Poll,No Poll,167
1911-10-28,W,HOME,658,668,80,0,No Poll,No Poll,No Poll,218
1911-11-04,T,FORBES FIELD,658,289,0,0,No Poll,No Poll,No Poll,254
1911-11-11,W,HOME,658,112,34,0,No Poll,No Poll,No Poll,272
1911-11-20,W,AWAY,658,255,6,3,No Poll,No Poll,No Poll,291
1911-11-30,T,AWAY,658,437,0,0,No Poll,No Poll,No Poll,221
1912-10-05,W,HOME,658,668,116,7,No Poll,No Poll,No Poll,273
1912-10-12,W,HOME,658,411,74,7,No Poll,No Poll,No Poll,151
1912-10-19,W,HOME,658,668,39,0,No Poll,No Poll,No Poll,231
1912-10-26,W,HOME,658,255,41,6,No Poll,No Poll,No Poll,291
1912-11-02,W,FORBES FIELD,658,289,3,0,No Poll,No Poll,No Poll,254
1912-11-09,W,AWAY,658,169,47,7,No Poll,No Poll,No Poll,263
1912-11-12,W,AWAY,658,74,69,0,No Poll,No Poll,No Poll,221
1913-10-04,W,HOME,255,78,87,0,No Poll,No Poll,No Poll,243
1913-10-18,W,HOME,255,238,20,7,No Poll,No Poll,No Poll,269
1913-10-25,W,HOME,255,423,62,0,No Poll,No Poll,No Poll,156
1913-11-01,W,AWAY,255,86,35,13,No Poll,No Poll,No Poll,160
1913-11-08,W,AWAY,255,32,14,7,No Poll,No Poll,No Poll,251
1913-11-22,W,AWAY,255,668,20,7,No Poll,No Poll,No Poll,177
1913-11-27,W,AWAY,255,125,30,7,No Poll,No Poll,No Poll,279
1914-10-03,W,HOME,255,423,56,0,No Poll,No Poll,No Poll,156
1914-10-10,W,HOME,255,223,103,0,No Poll,No Poll,No Poll,259
1914-10-17,L,AWAY,255,171,0,28,No Poll,No Poll,No Poll,301
1914-10-24,W,SIOUX FALLS,255,230,33,0,No Poll,No Poll,No Poll,269
1914-10-31,W,HOME,255,21,21,7,No Poll,No Poll,No Poll,199
1914-11-07,L,AWAY,255,86,7,20,No Poll,No Poll,No Poll,160
1914-11-14,W,CHICAGO,255,204,48,6,No Poll,No Poll,No Poll,170
1914-11-26,W,AWAY,255,172,20,0,No Poll,No Poll,No Poll,276
1915-10-02,W,HOME,255,423,32,0,No Poll,No Poll,No Poll,156
1915-10-09,W,HOME,255,21,34,0,No Poll,No Poll,No Poll,199
1915-10-23,L,AWAY,255,291,19,20,No Poll,No Poll,No Poll,234
1915-10-30,W,HOME,255,230,6,0,No Poll,No Poll,No Poll,269
1915-11-06,W,AWAY,255,86,7,0,No Poll,No Poll,No Poll,160
1915-11-13,W,AWAY,255,413,41,0,No Poll,No Poll,No Poll,183
1915-11-25,W,AWAY,255,125,36,7,No Poll,No Poll,No Poll,279
1915-11-27,W,AWAY,255,360,55,2,No Poll,No Poll,No Poll,257
1916-09-30,W,HOME,255,433,48,0,No Poll,No Poll,No Poll,172
1916-10-07,W,AWAY,255,428,48,0,No Poll,No Poll,No Poll,299
1916-10-14,W,HOME,255,21,25,0,No Poll,No Poll,No Poll,199
1916-10-28,W,HOME,255,354,60,0,No Poll,No Poll,No Poll,291
1916-11-04,L,AWAY,255,86,10,30,No Poll,No Poll,No Poll,160
1916-11-11,W,SIOUX FALLS,255,46,21,0,No Poll,No Poll,No Poll,269
1916-11-18,W,AWAY,255,174,14,0,No Poll,No Poll,No Poll,227
1916-11-25,W,HOME,255,423,46,0,No Poll,No Poll,No Poll,156
1916-11-30,W,AWAY,255,147,20,0,No Poll,No Poll,No Poll,234
1917-10-06,W,HOME,255,366,55,0,No Poll,No Poll,No Poll,211
1917-10-13,T,AWAY,255,286,0,0,No Poll,No Poll,No Poll,300
1917-10-20,L,AWAY,255,147,0,7,No Poll,No Poll,No Poll,234
1917-10-27,W,HOME,255,46,40,0,No Poll,No Poll,No Poll,269
1917-11-03,W,AWAY,255,188,7,2,No Poll,No Poll,No Poll,160
1917-11-10,W,AWAY,255,241,13,0,No Poll,No Poll,No Poll,230
1917-11-17,W,HOME,255,94,23,0,No Poll,No Poll,No Poll,227
1917-11-24,W,AWAY,255,392,3,0,No Poll,No Poll,No Poll,294
1918-09-28,W,AWAY,660,346,26,6,No Poll,No Poll,No Poll,172
1918-11-02,W,AWAY,660,383,67,7,No Poll,No Poll,No Poll,291
1918-11-09,T,HOME,660,101,7,7,No Poll,No Poll,No Poll,197
1918-11-16,L,AWAY,660,193,7,13,No Poll,No Poll,No Poll,227
1918-11-23,W,AWAY,660,73,26,6,No Poll,No Poll,No Poll,256
1918-11-28,T,AWAY,660,424,0,0,No Poll,No Poll,No Poll,234
1919-10-04,W,HOME,660,366,14,0,No Poll,No Poll,No Poll,211
1919-10-11,W,HOME,660,197,60,7,No Poll,No Poll,No Poll,232
1919-10-18,W,AWAY,660,211,14,9,No Poll,No Poll,No Poll,234
1919-10-25,W,HOME,660,438,53,0,No Poll,No Poll,No Poll,298
1919-11-01,W,INDIANAPOLIS,660,291,16,3,No Poll,No Poll,No Poll,206
1919-11-08,W,AWAY,660,86,12,9,No Poll,No Poll,No Poll,160
1919-11-15,W,HOME,660,94,13,0,No Poll,No Poll,No Poll,227
1919-11-22,W,AWAY,660,73,33,13,No Poll,No Poll,No Poll,256
1919-11-27,W,AWAY,660,241,14,6,No Poll,No Poll,No Poll,230
1920-10-02,W,HOME,660,366,39,0,No Poll,No Poll,No Poll,211
1920-10-09,W,HOME,660,438,42,0,No Poll,No Poll,No Poll,298
1920-10-16,W,AWAY,660,211,16,7,No Poll,No Poll,No Poll,234
1920-10-23,W,HOME,660,195,28,3,No Poll,No Poll,No Poll,287
1920-10-30,W,AWAY,660,86,27,17,No Poll,No Poll,No Poll,160
1920-11-06,W,HOME,660,73,28,0,No Poll,No Poll,No Poll,256
1920-11-13,W,AWAY,660,291,13,10,No Poll,No Poll,No Poll,206
1920-11-20,W,AWAY,660,158,33,7,No Poll,No Poll,No Poll,240
1920-11-25,W,AWAY,660,191,25,0,No Poll,No Poll,No Poll,227
1921-09-24,W,HOME,660,366,56,0,No Poll,No Poll,No Poll,211
1921-10-01,W,HOME,660,179,57,10,No Poll,No Poll,No Poll,186
1921-10-08,L,AWAY,660,227,7,10,No Poll,No Poll,No Poll,208
1921-10-15,W,AWAY,660,436,33,0,No Poll,No Poll,No Poll,256
1921-10-22,W,HOME,660,178,7,0,No Poll,No Poll,No Poll,234
1921-10-29,W,AWAY,660,291,28,7,No Poll,No Poll,No Poll,206
1921-11-05,W,AWAY,660,86,28,0,No Poll,No Poll,No Poll,160
1921-11-08,W,POLO GROUNDS,660,200,48,0,No Poll,No Poll,No Poll,261
1921-11-12,W,HOME,660,326,42,7,No Poll,No Poll,No Poll,199
1921-11-19,W,AWAY,660,235,21,7,No Poll,No Poll,No Poll,221
1921-11-24,W,HOME,660,7,48,0,No Poll,No Poll,No Poll,227
1922-09-30,W,HOME,660,366,46,0,No Poll,No Poll,No Poll,211
1922-10-07,W,HOME,660,393,26,0,No Poll,No Poll,No Poll,263
1922-10-14,W,AWAY,660,243,20,0,No Poll,No Poll,No Poll,256
1922-10-21,W,HOME,660,242,34,7,No Poll,No Poll,No Poll,186
1922-10-28,W,AWAY,660,434,13,3,No Poll,No Poll,No Poll,195
1922-11-04,W,HOME,660,239,27,0,No Poll,No Poll,No Poll,206
1922-11-11,T,AWAY,660,86,0,0,No Poll,No Poll,No Poll,160
1922-11-18,W,AWAY,660,214,31,3,No Poll,No Poll,No Poll,167
1922-11-25,W,AWAY,660,429,19,0,No Poll,No Poll,No Poll,171
1922-11-30,L,AWAY,660,178,6,14,No Poll,No Poll,No Poll,234
1923-09-29,W,HOME,660,327,74,0,No Poll,No Poll,No Poll,211
1923-10-06,W,HOME,660,337,14,0,No Poll,No Poll,No Poll,216
1923-10-13,W,EBBETS FIELD,660,280,13,0,No Poll,No Poll,No Poll,160
1923-10-20,W,AWAY,660,40,25,2,No Poll,No Poll,No Poll,255
1923-10-27,W,HOME,660,434,35,7,No Poll,No Poll,No Poll,195
1923-11-03,W,HOME,660,243,34,7,No Poll,No Poll,No Poll,256
1923-11-10,L,AWAY,660,178,7,14,No Poll,No Poll,No Poll,234
1923-11-17,W,HOME,660,214,34,7,No Poll,No Poll,No Poll,167
1923-11-24,W,AWAY,660,429,26,0,No Poll,No Poll,No Poll,171
1923-11-29,W,AWAY,660,119,13,0,No Poll,No Poll,No Poll,263
1924-10-04,W,HOME,660,337,40,0,No Poll,No Poll,No Poll,216
1924-10-11,W,HOME,660,359,34,0,No Poll,No Poll,No Poll,291
1924-10-18,W,POLO GROUNDS,660,280,13,7,No Poll,No Poll,No Poll,160
1924-10-25,W,AWAY,660,40,12,0,No Poll,No Poll,No Poll,255
1924-11-01,W,HOME,660,434,34,3,No Poll,No Poll,No Poll,195
1924-11-08,W,AWAY,660,235,38,3,No Poll,No Poll,No Poll,300
1924-11-15,W,HOME,660,178,34,6,No Poll,No Poll,No Poll,234
1924-11-22,W,SOLDIER FIELD,660,205,13,6,No Poll,No Poll,No Poll,240
1924-11-29,W,FORBES FIELD,660,429,40,19,No Poll,No Poll,No Poll,171
1925-01-01,W,ROSE BOWL,660,204,27,10,No Poll,No Poll,No Poll,275
1925-09-26,W,HOME,660,168,41,0,No Poll,No Poll,No Poll,162
1925-10-03,W,HOME,660,668,69,0,No Poll,No Poll,No Poll,216
1925-10-10,W,HOME,660,413,19,3,No Poll,No Poll,No Poll,163
1925-10-17,L,YANKEE STADIUM,660,280,0,27,No Poll,No Poll,No Poll,160
1925-10-24,W,AWAY,660,102,19,7,No Poll,No Poll,No Poll,228
1925-10-31,W,AWAY,660,434,13,0,No Poll,No Poll,No Poll,195
1925-11-07,T,AWAY,660,229,0,0,No Poll,No Poll,No Poll,251
1925-11-14,W,HOME,660,429,26,0,No Poll,No Poll,No Poll,171
1925-11-21,W,HOME,660,205,13,10,No Poll,No Poll,No Poll,240
1925-11-26,L,AWAY,660,146,0,17,No Poll,No Poll,No Poll,234
1926-10-02,W,HOME,660,382,77,0,No Poll,No Poll,No Poll,163
1926-10-09,W,AWAY,660,102,20,7,No Poll,No Poll,No Poll,228
1926-10-16,W,HOME,660,229,28,0,No Poll,No Poll,No Poll,251
1926-10-23,W,AWAY,660,205,6,0,No Poll,No Poll,No Poll,240
1926-10-30,W,HOME,660,434,12,0,No Poll,No Poll,No Poll,195
1926-11-06,W,HOME,660,214,26,0,No Poll,No Poll,No Poll,206
1926-11-13,W,YANKEE STADIUM,660,22,7,0,No Poll,No Poll,No Poll,160
1926-11-20,W,HOME,660,342,21,0,No Poll,No Poll,No Poll,188
1926-11-27,L,FORBES FIELD,660,429,0,19,No Poll,No Poll,No Poll,171
1926-12-04,W,AWAY,660,227,13,12,No Poll,No Poll,No Poll,271
1927-10-01,W,HOME,660,335,28,7,No Poll,No Poll,No Poll,180
1927-10-08,W,AWAY,660,84,20,0,No Poll,No Poll,No Poll,187
1927-10-15,W,AWAY,660,33,19,6,No Poll,No Poll,No Poll,233
1927-10-22,W,AWAY,660,214,19,6,No Poll,No Poll,No Poll,206
1927-10-29,W,HOME,660,434,26,7,No Poll,No Poll,No Poll,195
1927-11-05,T,HOME,660,102,7,7,No Poll,No Poll,No Poll,228
1927-11-12,L,YANKEE STADIUM,660,22,0,18,No Poll,No Poll,No Poll,160
1927-11-19,W,AWAY,660,342,32,0,No Poll,No Poll,No Poll,188
1927-11-26,W,SOLDIER FIELD,660,227,7,6,No Poll,No Poll,No Poll,271
1928-09-29,W,HOME,660,103,12,6,No Poll,No Poll,No Poll,219
1928-10-06,L,AWAY,660,205,6,22,No Poll,No Poll,No Poll,300
1928-10-13,W,SOLDIER FIELD,660,33,7,0,No Poll,No Poll,No Poll,233
1928-10-20,L,AWAY,660,434,0,13,No Poll,No Poll,No Poll,195
1928-10-27,W,HOME,660,342,32,6,No Poll,No Poll,No Poll,188
1928-11-03,W,PHILADELPHIA,660,229,9,0,No Poll,No Poll,No Poll,251
1928-11-10,W,YANKEE STADIUM,660,22,12,6,No Poll,No Poll,No Poll,160
1928-11-17,L,HOME,660,429,7,27,No Poll,No Poll,No Poll,171
1928-12-01,L,AWAY,660,227,14,27,No Poll,No Poll,No Poll,271
1929-10-05,W,AWAY,660,214,14,0,No Poll,No Poll,No Poll,206
1929-10-12,W,AWAY,660,33,14,7,No Poll,No Poll,No Poll,233
1929-10-19,W,SOLDIER FIELD,660,205,19,0,No Poll,No Poll,No Poll,300
1929-10-26,W,AWAY,660,429,7,0,No Poll,No Poll,No Poll,171
1929-11-02,W,AWAY,660,434,26,6,No Poll,No Poll,No Poll,195
1929-11-09,W,SOLDIER FIELD,660,342,19,7,No Poll,No Poll,No Poll,188
1929-11-16,W,SOLDIER FIELD,660,227,13,12,No Poll,No Poll,No Poll,271
1929-11-23,W,AWAY,660,138,26,6,No Poll,No Poll,No Poll,240
1929-11-30,W,YANKEE STADIUM,660,22,7,0,No Poll,No Poll,No Poll,160
1930-10-04,W,HOME,660,371,20,14,No Poll,No Poll,No Poll,265
1930-10-11,W,HOME,660,33,26,2,No Poll,No Poll,No Poll,233
1930-10-18,W,HOME,660,429,21,6,No Poll,No Poll,No Poll,171
1930-10-25,W,AWAY,660,271,35,19,No Poll,No Poll,No Poll,254
1930-11-01,W,HOME,660,214,27,0,No Poll,No Poll,No Poll,206
1930-11-08,W,AWAY,660,314,60,20,No Poll,No Poll,No Poll,252
1930-11-15,W,HOME,660,342,28,7,No Poll,No Poll,No Poll,188
1930-11-22,W,AWAY,660,138,14,0,No Poll,No Poll,No Poll,240
1930-11-29,W,SOLDIER FIELD,660,368,7,6,No Poll,No Poll,No Poll,160
1930-12-06,W,AWAY,660,227,27,0,No Poll,No Poll,No Poll,271
1931-10-03,W,AWAY,653,150,25,0,No Poll,No Poll,No Poll,206
1931-10-10,T,SOLDIER FIELD,653,138,0,0,No Poll,No Poll,No Poll,240
1931-10-17,W,HOME,653,342,63,0,No Poll,No Poll,No Poll,188
1931-10-24,W,HOME,653,271,25,12,No Poll,No Poll,No Poll,254
1931-10-31,W,AWAY,653,429,19,0,No Poll,No Poll,No Poll,171
1931-11-07,W,HOME,653,218,49,0,No Poll,No Poll,No Poll,252
1931-11-14,W,AWAY,653,380,20,0,No Poll,No Poll,No Poll,233
1931-11-21,L,HOME,653,227,14,16,No Poll,No Poll,No Poll,271
1931-11-28,L,YANKEE STADIUM,653,368,0,12,No Poll,No Poll,No Poll,160
1932-10-08,W,HOME,653,436,73,0,No Poll,No Poll,No Poll,199
1932-10-15,W,HOME,653,159,62,0,No Poll,No Poll,No Poll,188
1932-10-22,W,HOME,653,429,42,0,No Poll,No Poll,No Poll,171
1932-10-29,L,AWAY,653,271,0,12,No Poll,No Poll,No Poll,254
1932-11-05,W,AWAY,653,31,24,6,No Poll,No Poll,No Poll,212
1932-11-12,W,HOME,653,138,21,0,No Poll,No Poll,No Poll,240
1932-11-19,W,AWAY,653,380,12,0,No Poll,No Poll,No Poll,233
1932-11-26,W,YANKEE STADIUM,653,368,21,0,No Poll,No Poll,No Poll,160
1932-12-10,L,AWAY,653,227,0,13,No Poll,No Poll,No Poll,271
1933-10-07,T,HOME,653,3,0,0,No Poll,No Poll,No Poll,212
1933-10-14,W,AWAY,653,150,12,2,No Poll,No Poll,No Poll,206
1933-10-21,L,AWAY,653,226,0,7,No Poll,No Poll,No Poll,171
1933-10-28,L,HOME,653,271,0,14,No Poll,No Poll,No Poll,254
1933-11-04,L,AWAY,653,380,0,7,No Poll,No Poll,No Poll,233
1933-11-11,L,HOME,653,338,0,19,No Poll,No Poll,No Poll,256
1933-11-18,W,AWAY,653,138,7,0,No Poll,No Poll,No Poll,240
1933-11-25,L,HOME,653,227,0,19,No Poll,No Poll,No Poll,271
1933-12-02,W,YANKEE STADIUM,653,182,13,12,No Poll,No Poll,No Poll,160
1934-10-06,L,HOME,645,232,6,7,No Poll,No Poll,No Poll,279
1934-10-13,W,HOME,645,338,18,7,No Poll,No Poll,No Poll,256
1934-10-20,W,HOME,645,226,13,0,No Poll,No Poll,No Poll,171
1934-10-27,W,HOME,645,102,19,0,No Poll,No Poll,No Poll,300
1934-11-03,L,AWAY,645,271,0,19,No Poll,No Poll,No Poll,254
1934-11-10,L,AWAY,645,409,6,10,No Poll,No Poll,No Poll,233
1934-11-17,W,AWAY,645,138,20,7,No Poll,No Poll,No Poll,240
1934-11-24,W,YANKEE STADIUM,645,182,12,6,No Poll,No Poll,No Poll,160
1934-12-08,W,AWAY,645,227,14,0,No Poll,No Poll,No Poll,271
1935-09-28,W,HOME,645,3,28,7,No Poll,No Poll,No Poll,212
1935-10-05,W,AWAY,645,226,14,3,No Poll,No Poll,No Poll,171
1935-10-12,W,AWAY,645,102,27,0,No Poll,No Poll,No Poll,300
1935-10-19,W,AWAY,645,271,9,6,No Poll,No Poll,No Poll,254
1935-10-26,W,AWAY,645,409,14,0,No Poll,No Poll,No Poll,233
1935-11-02,W,AWAY,645,167,18,13,No Poll,No Poll,No Poll,244
1935-11-09,L,HOME,645,343,7,14,No Poll,No Poll,No Poll,240
1935-11-16,T,YANKEE STADIUM,645,182,6,6,No Poll,No Poll,No Poll,160
1935-11-23,W,HOME,645,227,20,13,No Poll,No Poll,No Poll,271
1936-10-03,W,HOME,645,226,21,7,UNRANKED,UNRANKED,UNRANKED,171
1936-10-10,W,HOME,645,269,14,6,UNRANKED,UNRANKED,UNRANKED,296
1936-10-17,W,HOME,645,216,27,0,UNRANKED,UNRANKED,UNRANKED,300
1936-10-24,L,AWAY,645,271,0,26,7,9,3,254
1936-10-31,W,HOME,645,167,7,2,UNRANKED,UNRANKED,UNRANKED,244
1936-11-07,L,AWAY,645,409,0,3,13,UNRANKED,18,233
1936-11-14,W,YANKEE STADIUM,645,182,20,6,UNRANKED,UNRANKED,UNRANKED,160
1936-11-21,W,HOME,645,343,26,6,11,1,7,240
1936-12-05,T,AWAY,645,227,13,13,9,UNRANKED,UNRANKED,271
1937-10-02,W,HOME,645,420,21,0,UNRANKED,UNRANKED,UNRANKED,188
1937-10-09,T,AWAY,645,57,0,0,UNRANKED,UNRANKED,UNRANKED,204
1937-10-16,L,AWAY,645,34,7,9,UNRANKED,UNRANKED,UNRANKED,171
1937-10-23,W,HOME,645,213,9,7,UNRANKED,UNRANKED,UNRANKED,233
1937-10-30,W,AWAY,645,18,7,6,UNRANKED,4,5,228
1937-11-06,L,HOME,645,271,6,21,12,3,1,254
1937-11-13,W,YANKEE STADIUM,645,182,7,0,18,UNRANKED,UNRANKED,160
1937-11-20,W,AWAY,645,343,7,0,12,UNRANKED,UNRANKED,240
1937-11-27,W,HOME,645,227,13,6,9,UNRANKED,UNRANKED,271
1938-10-01,W,HOME,645,3,52,0,UNRANKED,UNRANKED,UNRANKED,212
1938-10-08,W,AWAY,645,434,14,6,UNRANKED,UNRANKED,UNRANKED,195
1938-10-15,W,HOME,645,57,14,6,UNRANKED,UNRANKED,UNRANKED,204
1938-10-22,W,HOME,645,34,7,0,5,13,6,171
1938-10-29,W,YANKEE STADIUM,645,439,19,7,7,UNRANKED,UNRANKED,160
1938-11-05,W,AWAY,645,213,15,0,4,UNRANKED,UNRANKED,233
1938-11-12,W,HOME,645,18,19,0,2,12,10,228
1938-11-19,W,AWAY,645,343,9,7,1,16,17,240
1938-12-03,L,AWAY,645,227,0,13,1,8,7,271
1939-09-30,W,HOME,645,318,3,0,UNRANKED,UNRANKED,UNRANKED,256
1939-10-07,W,HOME,645,434,17,14,UNRANKED,UNRANKED,16,195
1939-10-14,W,HOME,645,326,20,19,UNRANKED,UNRANKED,UNRANKED,265
1939-10-21,W,AWAY,645,399,14,7,2,UNRANKED,UNRANKED,233
1939-10-28,W,AWAY,645,34,7,6,2,UNRANKED,UNRANKED,171
1939-11-04,W,YANKEE STADIUM,645,439,14,0,4,UNRANKED,UNRANKED,160
1939-11-11,L,YANKEE STADIUM,645,154,6,7,3,UNRANKED,9,208
1939-11-18,W,HOME,645,343,7,0,9,UNRANKED,UNRANKED,240
1939-11-25,L,HOME,645,227,12,20,7,4,3,271
1940-10-05,W,HOME,645,10,25,7,UNRANKED,UNRANKED,UNRANKED,250
1940-10-12,W,HOME,645,434,26,20,UNRANKED,UNRANKED,UNRANKED,195
1940-10-19,W,HOME,645,156,61,0,6,UNRANKED,UNRANKED,171
1940-10-26,W,AWAY,645,57,26,0,2,UNRANKED,UNRANKED,204
1940-11-02,W,YANKEE STADIUM,645,439,7,0,2,UNRANKED,UNRANKED,160
1940-11-09,W,AWAY,645,399,13,7,7,UNRANKED,UNRANKED,233
1940-11-16,L,HOME,645,154,0,7,7,UNRANKED,UNRANKED,208
1940-11-23,L,AWAY,645,343,0,20,14,10,8,240
1940-12-07,W,AWAY,645,227,10,6,UNRANKED,UNRANKED,UNRANKED,271
1941-09-27,W,HOME,647,333,38,7,UNRANKED,UNRANKED,UNRANKED,158
1941-10-04,W,HOME,647,47,19,6,UNRANKED,UNRANKED,UNRANKED,206
1941-10-11,W,AWAY,647,434,20,0,UNRANKED,UNRANKED,UNRANKED,195
1941-10-18,W,AWAY,647,156,16,0,8,UNRANKED,UNRANKED,171
1941-10-25,W,HOME,647,57,49,14,7,UNRANKED,UNRANKED,204
1941-11-01,T,YANKEE STADIUM,647,148,0,0,6,14,UNRANKED,160
1941-11-08,W,AWAY,647,399,20,13,7,6,10,233
1941-11-15,W,AWAY,647,343,7,6,5,8,11,240
1941-11-22,W,HOME,647,385,20,18,4,UNRANKED,UNRANKED,271
1942-09-26,T,AWAY,647,216,7,7,UNRANKED,UNRANKED,3,300
1942-10-03,L,HOME,647,434,6,13,UNRANKED,UNRANKED,5,195
1942-10-10,W,HOME,647,319,27,0,UNRANKED,UNRANKED,12,275
1942-10-17,W,HOME,647,18,28,0,UNRANKED,UNRANKED,UNRANKED,209
1942-10-24,W,AWAY,647,370,21,14,8,5,UNRANKED,204
1942-10-31,W,AWAY,647,43,9,0,4,UNRANKED,UNRANKED,233
1942-11-07,W,YANKEE STADIUM,647,148,13,0,4,19,UNRANKED,160
1942-11-14,L,HOME,647,181,20,32,4,6,9,226
1942-11-21,W,HOME,647,343,27,20,8,UNRANKED,UNRANKED,240
1942-11-28,W,AWAY,647,245,13,0,8,14,UNRANKED,271
1942-12-05,T,AWAY,647,414,13,13,8,UNRANKED,UNRANKED,197
1943-09-25,W,AWAY,647,103,41,0,UNRANKED,UNRANKED,UNRANKED,254
1943-10-02,W,HOME,647,434,55,13,UNRANKED,UNRANKED,13,195
1943-10-09,W,AWAY,647,181,35,12,1,2,3,226
1943-10-16,W,AWAY,647,216,50,0,1,UNRANKED,UNRANKED,300
1943-10-23,W,HOME,647,370,47,0,1,UNRANKED,UNRANKED,204
1943-10-30,W,CLEVELAND,647,43,33,6,1,3,4,233
1943-11-06,W,YANKEE STADIUM,647,148,26,0,1,3,11,160
1943-11-13,W,AWAY,647,343,25,6,1,8,9,240
1943-11-20,W,HOME,647,141,14,13,1,2,2,209
1943-11-27,L,AWAY,647,414,14,19,1,UNRANKED,6,197
1944-09-30,W,AWAY,644,103,58,0,UNRANKED,UNRANKED,UNRANKED,254
1944-10-07,W,HOME,644,104,26,0,UNRANKED,UNRANKED,UNRANKED,283
1944-10-14,W,FENWAY PARK,644,149,64,0,1,UNRANKED,UNRANKED,184
1944-10-21,W,HOME,644,216,28,13,1,UNRANKED,UNRANKED,300
1944-10-28,W,HOME,644,370,13,7,1,14,15,204
1944-11-04,L,AWAY,644,341,13,32,2,6,4,233
1944-11-11,L,YANKEE STADIUM,644,148,0,59,5,1,1,160
1944-11-18,W,HOME,644,343,21,0,11,UNRANKED,UNRANKED,240
1944-11-25,W,AWAY,644,434,21,0,18,10,13,195
1944-12-02,W,HOME,644,348,28,7,9,12,17,197
1945-09-29,W,HOME,652,370,7,0,UNRANKED,UNRANKED,UNRANKED,204
1945-10-06,W,AWAY,652,60,40,7,UNRANKED,UNRANKED,UNRANKED,195
1945-10-13,W,HOME,652,417,34,0,3,UNRANKED,UNRANKED,184
1945-10-20,W,AWAY,652,103,39,9,3,UNRANKED,UNRANKED,254
1945-10-27,W,HOME,652,106,56,0,2,UNRANKED,UNRANKED,208
1945-11-03,T,AWAY,652,341,6,6,2,3,3,233
1945-11-10,L,YANKEE STADIUM,652,148,0,48,2,1,1,160
1945-11-17,W,AWAY,652,343,34,7,7,UNRANKED,UNRANKED,240
1945-11-24,W,AWAY,652,104,32,6,5,UNRANKED,UNRANKED,283
1945-12-01,L,AWAY,652,348,7,39,5,UNRANKED,UNRANKED,197
1946-09-28,W,AWAY,647,370,26,6,UNRANKED,UNRANKED,5,204
1946-10-05,W,HOME,647,432,33,0,UNRANKED,UNRANKED,UNRANKED,254
1946-10-12,W,HOME,647,81,49,6,3,UNRANKED,UNRANKED,256
1946-10-26,W,AWAY,647,154,41,6,2,17,UNRANKED,208
1946-11-02,W,AWAY,647,409,28,0,2,UNRANKED,UNRANKED,233
1946-11-09,T,YANKEE STADIUM,647,148,0,0,2,1,2,160
1946-11-16,W,HOME,647,343,27,0,2,UNRANKED,UNRANKED,240
1946-11-23,W,AWAY,647,219,41,0,2,UNRANKED,UNRANKED,283
1946-11-30,W,HOME,647,245,26,6,2,16,UNRANKED,271
1947-10-04,W,AWAY,647,427,40,6,UNRANKED,UNRANKED,UNRANKED,254
1947-10-11,W,AWAY,647,398,22,7,1,UNRANKED,UNRANKED,256
1947-10-18,W,HOME,647,20,31,0,2,UNRANKED,UNRANKED,234
1947-10-25,W,HOME,647,154,21,0,2,UNRANKED,UNRANKED,208
1947-11-01,W,CLEVELAND,647,409,27,0,1,UNRANKED,UNRANKED,233
1947-11-08,W,HOME,647,148,27,7,1,9,11,160
1947-11-15,W,AWAY,647,55,26,19,1,UNRANKED,UNRANKED,240
1947-11-22,W,HOME,647,219,59,6,2,UNRANKED,UNRANKED,283
1947-12-06,W,AWAY,647,245,38,7,1,3,8,271
1948-09-25,W,HOME,647,398,28,27,UNRANKED,UNRANKED,UNRANKED,256
1948-10-02,W,AWAY,647,427,40,0,UNRANKED,UNRANKED,UNRANKED,254
1948-10-09,W,HOME,647,23,26,7,1,UNRANKED,14,227
1948-10-16,W,AWAY,647,191,44,13,2,UNRANKED,UNRANKED,234
1948-10-23,W,AWAY,647,154,27,12,2,UNRANKED,UNRANKED,208
1948-10-30,W,AWAY,647,201,41,7,2,UNRANKED,UNRANKED,233
1948-11-06,W,AWAY,647,107,42,6,1,UNRANKED,UNRANKED,206
1948-11-13,W,HOME,647,55,12,7,2,8,7,240
1948-11-27,W,HOME,647,228,46,0,2,UNRANKED,UNRANKED,293
1948-12-04,T,AWAY,647,245,14,14,2,UNRANKED,UNRANKED,271
1949-09-24,W,HOME,647,107,49,6,UNRANKED,UNRANKED,UNRANKED,206
1949-10-01,W,AWAY,647,228,27,7,UNRANKED,UNRANKED,UNRANKED,293
1949-10-08,W,AWAY,647,398,35,12,2,UNRANKED,UNRANKED,256
1949-10-15,W,HOME,647,219,46,7,1,4,UNRANKED,283
1949-10-29,W,AWAY,647,201,40,0,1,UNRANKED,UNRANKED,233
1949-11-05,W,AWAY,647,23,34,21,1,10,19,227
1949-11-12,W,YANKEE STADIUM,647,80,42,6,1,UNRANKED,16,237
1949-11-19,W,HOME,647,154,28,7,1,UNRANKED,UNRANKED,208
1949-11-26,W,HOME,647,245,32,0,1,17,UNRANKED,271
1949-12-03,W,COTTON BOWL,647,326,27,20,1,UNRANKED,UNRANKED,265
1950-09-30,W,HOME,647,80,14,7,1,20,UNRANKED,237
1950-10-07,L,HOME,647,398,14,28,1,UNRANKED,UNRANKED,256
1950-10-14,W,AWAY,647,219,13,9,10,UNRANKED,20,283
1950-10-21,L,AWAY,647,107,7,20,11,UNRANKED,UNRANKED,206
1950-10-28,L,HOME,647,23,33,36,UNRANKED,15,8,227
1950-11-04,W,AWAY,647,155,19,10,UNRANKED,UNRANKED,UNRANKED,233
1950-11-11,W,HOME,647,308,18,7,UNRANKED,UNRANKED,UNRANKED,254
1950-11-18,T,AWAY,647,301,14,14,UNRANKED,UNRANKED,UNRANKED,208
1950-12-02,L,AWAY,647,245,7,9,UNRANKED,UNRANKED,UNRANKED,271
1951-09-29,W,HOME,647,107,48,6,14,UNRANKED,UNRANKED,206
1951-10-05,W,BRIGGS STADIUM,647,145,40,6,5,UNRANKED,UNRANKED,187
1951-10-13,L,HOME,647,212,20,27,5,UNRANKED,UNRANKED,265
1951-10-20,W,AWAY,647,409,33,0,UNRANKED,UNRANKED,UNRANKED,254
1951-10-27,W,HOME,647,398,30,9,15,UNRANKED,UNRANKED,256
1951-11-03,W,AWAY,647,155,19,0,13,UNRANKED,UNRANKED,233
1951-11-10,L,AWAY,647,23,0,35,11,5,2,227
1951-11-17,W,AWAY,647,80,12,7,UNRANKED,UNRANKED,UNRANKED,237
1951-11-24,T,HOME,647,301,20,20,UNRANKED,UNRANKED,UNRANKED,208
1951-12-01,W,AWAY,647,254,19,12,UNRANKED,20,UNRANKED,271
1952-09-27,T,AWAY,647,196,7,7,10,12,UNRANKED,252
1952-10-04,W,AWAY,647,153,14,3,19,5,10,279
1952-10-11,L,HOME,647,313,19,22,8,UNRANKED,UNRANKED,254
1952-10-18,W,AWAY,647,398,26,14,UNRANKED,9,18,256
1952-10-25,W,HOME,647,80,34,14,16,UNRANKED,UNRANKED,237
1952-11-01,W,AWAY,647,155,17,6,13,UNRANKED,UNRANKED,233
1952-11-08,W,HOME,647,69,27,21,10,4,4,245
1952-11-15,L,AWAY,647,23,3,21,6,1,1,227
1952-11-22,W,AWAY,647,163,27,0,9,UNRANKED,UNRANKED,208
1952-11-29,W,HOME,647,254,9,0,7,2,5,271
1953-09-26,W,AWAY,647,69,28,21,1,6,4,245
1953-10-03,W,AWAY,647,398,37,7,1,UNRANKED,UNRANKED,256
1953-10-17,W,HOME,647,313,23,14,1,15,UNRANKED,254
1953-10-24,W,HOME,647,60,27,14,1,4,8,195
1953-10-31,W,HOME,647,155,38,7,1,20,UNRANKED,233
1953-11-07,W,AWAY,647,196,28,20,1,UNRANKED,UNRANKED,252
1953-11-14,W,AWAY,647,189,34,14,1,UNRANKED,UNRANKED,237
1953-11-21,T,HOME,647,163,14,14,1,20,9,208
1953-11-28,W,AWAY,647,254,48,14,2,20,UNRANKED,271
1953-12-05,W,HOME,647,82,40,14,2,UNRANKED,UNRANKED,265
1954-09-25,W,HOME,664,153,21,0,2,4,UNRANKED,279
1954-10-02,L,HOME,664,398,14,27,1,19,UNRANKED,256
1954-10-09,W,AWAY,664,313,33,0,8,UNRANKED,UNRANKED,254
1954-10-16,W,HOME,664,144,20,19,8,UNRANKED,UNRANKED,227
1954-10-30,W,AWAY,664,155,6,0,6,15,5,233
1954-11-06,W,AWAY,664,396,42,7,5,UNRANKED,UNRANKED,252
1954-11-13,W,HOME,664,189,42,13,5,UNRANKED,UNRANKED,237
1954-11-20,W,AWAY,664,163,34,18,4,19,UNRANKED,208
1954-11-27,W,HOME,664,254,23,17,4,17,17,271
1954-12-04,W,COTTON BOWL,664,82,26,14,4,UNRANKED,UNRANKED,265
1955-09-24,W,HOME,664,82,17,0,11,UNRANKED,UNRANKED,265
1955-10-01,W,HOME,664,19,19,0,4,UNRANKED,UNRANKED,206
1955-10-07,W,AWAY,664,11,14,0,5,15,14,224
1955-10-15,L,AWAY,664,144,7,21,4,13,2,227
1955-10-22,W,AWAY,664,398,22,7,11,UNRANKED,UNRANKED,256
1955-10-29,W,HOME,664,155,21,7,9,4,18,233
1955-11-05,W,AWAY,664,396,46,14,6,UNRANKED,UNRANKED,252
1955-11-12,W,AWAY,664,189,27,7,5,UNRANKED,UNRANKED,237
1955-11-19,W,HOME,664,163,17,14,4,UNRANKED,UNRANKED,208
1955-11-26,L,AWAY,664,254,20,42,5,UNRANKED,13,271
1956-09-22,L,COTTON BOWL,664,82,13,19,3,UNRANKED,UNRANKED,265
1956-10-06,W,HOME,664,19,20,6,17,UNRANKED,UNRANKED,206
1956-10-13,L,HOME,664,234,14,28,18,UNRANKED,UNRANKED,256
1956-10-20,L,HOME,664,144,14,47,UNRANKED,2,9,227
1956-10-27,L,HOME,664,69,0,40,UNRANKED,2,1,245
1956-11-03,L,AWAY,664,155,7,33,UNRANKED,UNRANKED,16,233
1956-11-10,L,AWAY,664,283,13,26,UNRANKED,20,13,254
1956-11-17,W,HOME,664,264,21,14,UNRANKED,UNRANKED,UNRANKED,237
1956-11-24,L,AWAY,664,163,8,48,UNRANKED,3,3,208
1956-12-01,L,AWAY,664,254,20,28,UNRANKED,17,18,271
1957-09-28,W,AWAY,664,234,12,0,UNRANKED,UNRANKED,UNRANKED,256
1957-10-05,W,HOME,664,52,26,0,16,UNRANKED,UNRANKED,206
1957-10-12,W,AWAY,664,148,23,21,12,10,18,160
1957-10-26,W,HOME,664,283,13,7,7,UNRANKED,UNRANKED,254
1957-11-02,L,HOME,664,155,6,20,5,16,5,233
1957-11-09,L,AWAY,664,144,6,34,15,4,3,227
1957-11-16,W,AWAY,664,69,7,0,UNRANKED,2,4,245
1957-11-23,L,HOME,664,163,13,21,9,8,6,208
1957-11-30,W,HOME,664,140,40,12,12,UNRANKED,UNRANKED,271
1957-12-07,W,COTTON BOWL,664,37,54,21,12,UNRANKED,UNRANKED,265
1958-09-27,W,HOME,664,361,18,0,5,UNRANKED,UNRANKED,206
1958-10-04,W,COTTON BOWL,664,37,14,6,7,17,18,265
1958-10-11,L,HOME,664,148,2,14,4,3,3,160
1958-10-18,W,HOME,664,38,9,7,12,UNRANKED,UNRANKED,189
1958-10-25,L,HOME,664,234,22,29,11,15,13,256
1958-11-01,W,AWAY,664,155,40,20,UNRANKED,15,UNRANKED,233
1958-11-08,L,AWAY,664,283,26,29,14,UNRANKED,UNRANKED,254
1958-11-15,W,HOME,664,264,34,24,UNRANKED,11,UNRANKED,237
1958-11-22,L,AWAY,664,163,21,31,15,6,2,208
1958-11-29,W,AWAY,664,140,20,13,18,UNRANKED,UNRANKED,271
1959-09-26,W,HOME,657,260,28,8,UNRANKED,UNRANKED,UNRANKED,237
1959-10-03,L,AWAY,657,234,7,28,8,UNRANKED,UNRANKED,256
1959-10-10,W,AWAY,657,358,28,6,UNRANKED,UNRANKED,UNRANKED,169
1959-10-17,L,AWAY,657,144,0,19,UNRANKED,UNRANKED,UNRANKED,227
1959-10-24,L,HOME,657,12,24,30,UNRANKED,2,UNRANKED,240
1959-10-31,W,HOME,657,431,25,22,UNRANKED,UNRANKED,UNRANKED,233
1959-11-07,L,HOME,657,60,10,14,UNRANKED,19,UNRANKED,195
1959-11-14,L,AWAY,657,283,13,28,UNRANKED,UNRANKED,20,254
1959-11-21,W,AWAY,657,163,20,19,UNRANKED,16,UNRANKED,208
1959-11-28,W,HOME,657,140,16,6,UNRANKED,7,14,271
1960-09-24,W,HOME,657,323,21,7,UNRANKED,UNRANKED,UNRANKED,169
1960-10-01,L,HOME,657,234,19,51,12,UNRANKED,19,256
1960-10-08,L,AWAY,657,260,7,12,UNRANKED,UNRANKED,UNRANKED,237
1960-10-15,L,HOME,657,144,0,21,UNRANKED,14,15,227
1960-10-22,L,AWAY,657,12,6,7,UNRANKED,UNRANKED,UNRANKED,240
1960-10-29,L,AWAY,657,431,7,14,UNRANKED,4,4,233
1960-11-05,L,HOME,657,283,13,20,UNRANKED,14,UNRANKED,254
1960-11-12,L,AWAY,657,11,21,28,UNRANKED,UNRANKED,UNRANKED,224
1960-11-19,L,HOME,657,163,0,28,UNRANKED,2,3,208
1960-11-26,W,AWAY,657,281,17,0,UNRANKED,UNRANKED,UNRANKED,271
1961-09-30,W,HOME,657,69,19,6,UNRANKED,UNRANKED,UNRANKED,245
1961-10-07,W,AWAY,657,234,22,20,UNRANKED,UNRANKED,12,256
1961-10-14,W,HOME,657,281,30,0,8,UNRANKED,UNRANKED,271
1961-10-21,L,AWAY,657,144,7,17,6,1,8,227
1961-10-28,L,HOME,657,12,10,12,8,UNRANKED,UNRANKED,240
1961-11-04,L,HOME,657,431,10,13,UNRANKED,UNRANKED,UNRANKED,233
1961-11-11,W,AWAY,657,283,26,20,UNRANKED,UNRANKED,UNRANKED,254
1961-11-18,W,HOME,657,16,17,15,UNRANKED,10,14,276
1961-11-25,L,AWAY,657,252,21,42,UNRANKED,UNRANKED,UNRANKED,208
1961-12-02,L,AWAY,657,38,13,37,UNRANKED,UNRANKED,20,189
1962-09-29,W,AWAY,657,69,13,7,UNRANKED,UNRANKED,8,245
1962-10-06,L,HOME,657,234,6,24,UNRANKED,UNRANKED,UNRANKED,256
1962-10-13,L,AWAY,657,334,8,17,UNRANKED,UNRANKED,2,300
1962-10-20,L,HOME,657,144,7,31,UNRANKED,UNRANKED,UNRANKED,227
1962-10-27,L,AWAY,657,12,6,35,UNRANKED,3,UNRANKED,240
1962-11-03,W,AWAY,657,431,20,12,UNRANKED,UNRANKED,UNRANKED,233
1962-11-10,W,HOME,657,283,43,22,UNRANKED,UNRANKED,UNRANKED,254
1962-11-17,W,HOME,657,260,21,7,UNRANKED,UNRANKED,UNRANKED,237
1962-11-24,W,HOME,657,252,35,12,UNRANKED,UNRANKED,UNRANKED,208
1962-12-01,L,AWAY,657,281,0,25,UNRANKED,1,1,271
1963-09-28,L,HOME,652,334,9,14,UNRANKED,6,UNRANKED,300
1963-10-05,L,AWAY,652,234,6,7,UNRANKED,UNRANKED,UNRANKED,256
1963-10-12,W,HOME,652,281,17,14,UNRANKED,7,UNRANKED,271
1963-10-19,W,HOME,652,25,27,12,UNRANKED,UNRANKED,UNRANKED,285
1963-10-26,L,AWAY,652,285,14,24,UNRANKED,UNRANKED,UNRANKED,275
1963-11-02,L,HOME,652,431,14,35,UNRANKED,4,2,233
1963-11-09,L,HOME,652,283,7,27,UNRANKED,8,4,254
1963-11-16,L,AWAY,652,144,7,12,UNRANKED,4,9,227
1963-11-28,L,YANKEE STADIUM,652,16,7,14,UNRANKED,UNRANKED,UNRANKED,276
1964-09-26,W,AWAY,12,334,31,7,UNRANKED,UNRANKED,UNRANKED,300
1964-10-03,W,HOME,12,234,34,15,9,UNRANKED,UNRANKED,256
1964-10-10,W,AWAY,12,15,34,7,6,UNRANKED,UNRANKED,152
1964-10-17,W,HOME,12,25,24,0,4,UNRANKED,UNRANKED,285
1964-10-24,W,HOME,12,285,28,6,2,UNRANKED,UNRANKED,275
1964-10-31,W,PHILADELPHIA,12,431,40,0,2,UNRANKED,UNRANKED,233
1964-11-07,W,AWAY,12,283,17,15,1,UNRANKED,UNRANKED,254
1964-11-14,W,HOME,12,144,34,7,1,UNRANKED,UNRANKED,227
1964-11-21,W,HOME,12,252,28,0,1,UNRANKED,UNRANKED,208
1964-11-28,L,AWAY,12,281,17,20,1,UNRANKED,10,271
1965-09-18,W,AWAY,12,374,48,6,3,UNRANKED,UNRANKED,169
1965-09-25,L,AWAY,12,234,21,25,1,6,UNRANKED,256
1965-10-02,W,HOME,12,8,38,7,8,UNRANKED,UNRANKED,240
1965-10-09,W,SHEA STADIUM,12,350,17,0,7,UNRANKED,UNRANKED,160
1965-10-23,W,HOME,12,281,28,7,7,4,10,271
1965-10-30,W,HOME,12,30,29,3,4,UNRANKED,UNRANKED,233
1965-11-06,W,AWAY,12,283,69,13,4,UNRANKED,UNRANKED,254
1965-11-13,W,HOME,12,260,17,0,4,UNRANKED,UNRANKED,237
1965-11-20,L,HOME,12,144,3,12,4,1,2,227
1965-11-27,T,AWAY,12,91,0,0,6,UNRANKED,UNRANKED,224
1966-09-24,W,HOME,12,234,26,14,8,7,7,256
1966-10-01,W,AWAY,12,8,35,7,4,UNRANKED,UNRANKED,240
1966-10-08,W,HOME,12,407,35,0,3,UNRANKED,UNRANKED,160
1966-10-15,W,HOME,12,260,32,0,2,UNRANKED,UNRANKED,237
1966-10-22,W,AWAY,12,262,38,0,1,10,UNRANKED,245
1966-10-29,W,PHILADELPHIA,12,30,31,7,1,UNRANKED,UNRANKED,233
1966-11-05,W,HOME,12,132,40,0,1,UNRANKED,UNRANKED,254
1966-11-12,W,HOME,12,410,64,0,1,UNRANKED,UNRANKED,189
1966-11-19,T,AWAY,12,144,10,10,1,2,2,227
1966-11-26,W,AWAY,12,281,51,0,1,10,UNRANKED,271
1967-09-23,W,HOME,12,374,41,8,1,UNRANKED,UNRANKED,169
1967-09-30,L,AWAY,12,234,21,28,1,10,9,256
1967-10-07,W,HOME,12,372,56,6,6,UNRANKED,UNRANKED,208
1967-10-14,L,HOME,12,281,7,24,5,1,1,271
1967-10-21,W,AWAY,12,266,47,7,UNRANKED,UNRANKED,UNRANKED,204
1967-10-28,W,HOME,12,144,24,12,UNRANKED,UNRANKED,UNRANKED,227
1967-11-04,W,HOME,12,30,43,14,10,UNRANKED,UNRANKED,233
1967-11-11,W,AWAY,12,132,38,0,9,UNRANKED,UNRANKED,254
1967-11-18,W,AWAY,12,68,36,3,9,UNRANKED,UNRANKED,195
1967-11-24,W,AWAY,12,91,24,22,6,UNRANKED,UNRANKED,224
1968-09-21,W,HOME,12,97,45,21,3,5,11,245
1968-09-28,L,HOME,12,234,22,37,2,1,10,256
1968-10-05,W,AWAY,12,372,51,28,5,UNRANKED,UNRANKED,208
1968-10-12,W,HOME,12,8,27,7,5,UNRANKED,UNRANKED,240
1968-10-19,W,HOME,12,266,58,8,6,UNRANKED,UNRANKED,204
1968-10-26,L,AWAY,12,144,17,21,5,UNRANKED,UNRANKED,227
1968-11-02,W,PHILADELPHIA,12,30,45,14,12,UNRANKED,UNRANKED,233
1968-11-09,W,HOME,12,132,56,7,12,UNRANKED,UNRANKED,254
1968-11-16,W,HOME,12,68,34,6,9,UNRANKED,UNRANKED,195
1968-11-30,T,AWAY,12,281,21,21,9,2,4,271
1969-09-20,W,HOME,12,8,35,10,11,UNRANKED,UNRANKED,240
1969-09-27,L,AWAY,12,234,14,28,9,16,18,256
1969-10-04,W,HOME,12,144,42,28,UNRANKED,14,UNRANKED,227
1969-10-11,W,YANKEE STADIUM,12,407,45,0,15,UNRANKED,UNRANKED,160
1969-10-18,T,HOME,12,281,14,14,11,3,3,271
1969-10-25,W,AWAY,12,263,37,0,12,UNRANKED,UNRANKED,283
1969-11-01,W,HOME,12,378,47,0,10,UNRANKED,UNRANKED,233
1969-11-08,W,AWAY,12,77,49,7,8,UNRANKED,UNRANKED,254
1969-11-15,W,AWAY,12,68,38,20,9,UNRANKED,UNRANKED,195
1969-11-22,W,HOME,12,15,13,6,8,UNRANKED,UNRANKED,152
1970-01-01,L,COTTON BOWL,12,123,17,21,9,1,1,279
1970-09-19,W,AWAY,12,8,35,14,6,UNRANKED,UNRANKED,240
1970-09-26,W,HOME,12,50,48,0,6,UNRANKED,UNRANKED,256
1970-10-03,W,AWAY,12,144,29,0,4,UNRANKED,UNRANKED,227
1970-10-10,W,HOME,12,407,51,10,3,UNRANKED,UNRANKED,160
1970-10-17,W,AWAY,12,116,24,7,3,18,UNRANKED,229
1970-10-31,W,PHILADELPHIA,12,378,56,7,3,UNRANKED,UNRANKED,233
1970-11-07,W,HOME,12,77,46,14,2,UNRANKED,UNRANKED,254
1970-11-14,W,HOME,12,68,10,7,1,UNRANKED,13,195
1970-11-21,W,HOME,12,89,3,0,2,7,7,220
1970-11-28,L,AWAY,12,281,28,38,4,UNRANKED,15,271
1971-01-01,W,COTTON BOWL,12,123,24,11,6,1,3,279
1971-09-18,W,HOME,12,8,50,7,2,UNRANKED,UNRANKED,240
1971-09-25,W,AWAY,12,50,8,7,2,UNRANKED,UNRANKED,256
1971-10-02,W,HOME,12,144,14,2,4,UNRANKED,UNRANKED,227
1971-10-09,W,ORANGE BOWL,12,165,17,0,7,UNRANKED,UNRANKED,224
1971-10-16,W,HOME,12,29,16,0,7,UNRANKED,UNRANKED,237
1971-10-23,L,HOME,12,281,14,28,6,UNRANKED,20,271
1971-10-30,W,HOME,12,378,21,0,12,UNRANKED,UNRANKED,233
1971-11-06,W,AWAY,12,77,56,7,8,UNRANKED,UNRANKED,254
1971-11-13,W,HOME,12,17,21,7,8,UNRANKED,UNRANKED,283
1971-11-20,L,AWAY,12,89,8,28,7,14,11,220
1972-09-23,W,AWAY,12,8,37,0,13,UNRANKED,UNRANKED,240
1972-09-30,W,HOME,12,50,35,14,10,UNRANKED,UNRANKED,256
1972-10-07,W,AWAY,12,144,16,0,7,UNRANKED,UNRANKED,227
1972-10-14,W,HOME,12,77,42,16,7,UNRANKED,UNRANKED,254
1972-10-21,L,HOME,12,6,26,30,8,UNRANKED,UNRANKED,229
1972-10-28,W,HOME,12,45,21,0,13,UNRANKED,UNRANKED,281
1972-11-04,W,VETERANS STADIUM,12,378,42,23,12,UNRANKED,UNRANKED,233
1972-11-11,W,AWAY,12,15,21,7,12,UNRANKED,UNRANKED,152
1972-11-18,W,HOME,12,165,20,17,10,UNRANKED,UNRANKED,224
1972-12-02,L,AWAY,12,281,23,45,10,1,1,271
1973-01-01,L,ORANGE BOWL,12,51,6,40,12,9,4,234
1973-09-22,W,HOME,12,284,44,0,8,UNRANKED,UNRANKED,240
1973-09-29,W,AWAY,12,8,20,7,7,UNRANKED,UNRANKED,256
1973-10-06,W,HOME,12,136,14,10,8,UNRANKED,UNRANKED,227
1973-10-13,W,AWAY,12,4,28,0,9,UNRANKED,UNRANKED,257
1973-10-20,W,AWAY,12,407,62,3,8,UNRANKED,UNRANKED,160
1973-10-27,W,HOME,12,281,23,14,8,6,8,271
1973-11-03,W,HOME,12,202,44,7,5,UNRANKED,UNRANKED,233
1973-11-10,W,AWAY,12,288,31,10,5,20,UNRANKED,254
1973-11-22,W,HOME,12,15,48,15,5,UNRANKED,UNRANKED,152
1973-12-01,W,AWAY,12,358,44,0,5,UNRANKED,UNRANKED,224
1973-12-31,W,SUGAR BOWL,12,347,24,23,3,1,4,154
1974-09-09,W,AWAY,12,356,31,7,3,UNRANKED,UNRANKED,195
1974-09-21,W,AWAY,12,284,49,3,1,UNRANKED,UNRANKED,240
1974-09-28,L,HOME,12,8,20,31,2,UNRANKED,UNRANKED,256
1974-10-05,W,AWAY,12,136,19,14,7,UNRANKED,12,227
1974-10-12,W,HOME,12,4,10,3,6,UNRANKED,UNRANKED,257
1974-10-19,W,HOME,12,225,48,0,7,UNRANKED,UNRANKED,160
1974-10-26,W,HOME,12,358,38,7,7,UNRANKED,UNRANKED,224
1974-11-02,W,VETERANS STADIUM,12,202,14,6,7,UNRANKED,UNRANKED,233
1974-11-16,W,HOME,12,288,14,10,5,17,UNRANKED,254
1974-11-23,W,HOME,12,15,38,0,5,UNRANKED,UNRANKED,152
1974-11-30,L,AWAY,12,281,24,55,5,6,2,271
1975-01-01,W,ORANGE BOWL,12,347,13,11,9,2,5,154
1975-09-15,W,FOXBORO MA,116,290,17,3,9,UNRANKED,UNRANKED,165
1975-09-20,W,AWAY,116,8,17,0,9,UNRANKED,UNRANKED,256
1975-09-27,W,HOME,116,284,31,7,7,UNRANKED,UNRANKED,240
1975-10-04,L,HOME,116,136,3,10,8,UNRANKED,UNRANKED,227
1975-10-11,W,AWAY,116,29,21,14,15,UNRANKED,UNRANKED,237
1975-10-18,W,AWAY,116,15,31,30,15,UNRANKED,UNRANKED,152
1975-10-25,L,HOME,116,281,17,24,14,3,17,271
1975-11-01,W,HOME,116,202,31,10,15,UNRANKED,UNRANKED,233
1975-11-08,W,HOME,116,356,24,3,12,UNRANKED,UNRANKED,195
1975-11-15,L,AWAY,116,288,20,34,9,UNRANKED,15,254
1975-11-22,W,ORANGE BOWL,116,79,32,9,UNRANKED,UNRANKED,UNRANKED,224
1976-09-11,L,HOME,116,288,10,31,11,9,1,254
1976-09-18,W,HOME,116,8,23,0,UNRANKED,UNRANKED,UNRANKED,256
1976-09-25,W,AWAY,116,284,48,0,UNRANKED,UNRANKED,UNRANKED,240
1976-10-02,W,AWAY,116,124,24,6,18,UNRANKED,UNRANKED,227
1976-10-16,W,HOME,116,143,41,0,14,UNRANKED,UNRANKED,248
1976-10-23,W,AWAY,116,256,13,6,12,19,UNRANKED,268
1976-10-30,W,CLEVELAND,116,202,27,21,11,UNRANKED,UNRANKED,233
1976-11-06,L,AWAY,116,356,14,23,11,UNRANKED,UNRANKED,195
1976-11-13,W,HOME,116,347,21,18,18,10,11,154
1976-11-20,W,HOME,116,79,40,27,13,UNRANKED,UNRANKED,224
1976-11-27,L,AWAY,116,287,13,17,13,3,2,271
1976-12-27,W,GATOR BOWL,116,273,20,9,15,20,UNRANKED,251
1977-09-10,W,AWAY,116,236,19,9,3,7,8,254
1977-09-17,L,AWAY,116,295,13,20,3,UNRANKED,UNRANKED,246
1977-09-24,W,AWAY,116,267,31,24,11,UNRANKED,UNRANKED,256
1977-10-01,W,HOME,116,124,16,6,14,UNRANKED,UNRANKED,227
1977-10-15,W,GIANTS STADIUM,116,225,24,0,11,UNRANKED,UNRANKED,160
1977-10-22,W,HOME,116,287,49,19,11,5,13,271
1977-10-29,W,HOME,116,202,43,10,5,UNRANKED,UNRANKED,233
1977-11-05,W,HOME,116,356,69,14,5,UNRANKED,UNRANKED,195
1977-11-12,W,AWAY,116,88,21,17,5,15,19,179
1977-11-19,W,HOME,116,15,49,0,6,UNRANKED,UNRANKED,152
1977-12-03,W,AWAY,116,312,48,10,5,UNRANKED,UNRANKED,224
1978-01-02,W,COTTON BOWL,116,177,38,10,5,1,4,279
1978-09-09,L,HOME,116,430,0,3,5,UNRANKED,15,229
1978-09-23,L,HOME,116,48,14,28,14,5,5,226
1978-09-30,W,HOME,116,267,10,6,UNRANKED,UNRANKED,13,256
1978-10-07,W,AWAY,116,124,29,25,UNRANKED,UNRANKED,12,227
1978-10-14,W,HOME,116,236,26,17,UNRANKED,9,UNRANKED,254
1978-10-21,W,AWAY,116,39,38,15,20,UNRANKED,UNRANKED,152
1978-10-28,W,HOME,116,312,20,0,19,UNRANKED,UNRANKED,224
1978-11-04,W,CLEVELAND,116,202,27,7,15,11,UNRANKED,233
1978-11-11,W,HOME,116,288,31,14,14,UNRANKED,UNRANKED,278
1978-11-18,W,AWAY,116,356,38,21,10,20,UNRANKED,195
1978-11-25,L,AWAY,116,287,25,27,8,3,2,271
1979-01-01,W,COTTON BOWL,116,42,35,34,10,9,10,203
1979-09-15,W,AWAY,116,48,12,10,9,6,18,226
1979-09-22,L,AWAY,116,267,22,28,5,17,10,256
1979-09-29,W,HOME,116,124,27,3,15,7,UNRANKED,227
1979-10-06,W,HOME,116,356,21,13,10,UNRANKED,UNRANKED,195
1979-10-13,W,AWAY,116,296,38,13,10,UNRANKED,UNRANKED,152
1979-10-20,L,HOME,116,287,23,42,9,4,2,271
1979-10-27,W,HOME,116,256,18,17,14,UNRANKED,UNRANKED,268
1979-11-03,W,HOME,116,202,14,0,13,UNRANKED,UNRANKED,233
1979-11-10,L,AWAY,116,288,18,40,13,UNRANKED,UNRANKED,278
1979-11-17,L,HOME,116,120,10,16,UNRANKED,14,UNRANKED,179
1979-11-24,W,TOKYO,116,210,40,15,UNRANKED,UNRANKED,UNRANKED,224
1980-09-06,W,HOME,116,267,31,10,11,9,17,256
1980-09-20,W,HOME,116,48,29,27,8,14,4,226
1980-10-04,W,AWAY,116,176,26,21,7,UNRANKED,UNRANKED,227
1980-10-11,W,HOME,116,210,32,14,7,13,18,224
1980-10-18,W,HOME,116,151,30,3,5,UNRANKED,UNRANKED,160
1980-10-25,W,AWAY,116,306,20,3,4,UNRANKED,UNRANKED,158
1980-11-01,W,GIANTS STADIUM,116,202,33,0,3,UNRANKED,UNRANKED,233
1980-11-08,T,AWAY,116,27,3,3,1,UNRANKED,UNRANKED,195
1980-11-15,W,BIRMINGHAM,116,347,7,0,6,5,6,154
1980-11-22,W,HOME,116,296,24,10,2,UNRANKED,UNRANKED,152
1980-12-06,L,AWAY,116,287,3,20,2,17,11,271
1981-01-01,L,SUGAR BOWL,116,422,10,17,7,1,1,194
1981-09-12,W,HOME,649,253,27,9,4,UNRANKED,UNRANKED,220
1981-09-19,L,AWAY,649,48,7,25,1,11,12,226
1981-09-26,L,AWAY,649,267,14,15,13,UNRANKED,UNRANKED,256
1981-10-03,W,HOME,649,176,20,7,UNRANKED,UNRANKED,UNRANKED,227
1981-10-10,L,HOME,649,58,13,19,UNRANKED,20,UNRANKED,192
1981-10-24,L,HOME,649,287,7,14,UNRANKED,5,14,271
1981-10-31,W,HOME,649,202,38,0,UNRANKED,UNRANKED,UNRANKED,233
1981-11-07,W,HOME,649,27,35,3,UNRANKED,UNRANKED,UNRANKED,195
1981-11-14,W,AWAY,649,296,35,7,UNRANKED,UNRANKED,UNRANKED,152
1981-11-21,L,AWAY,649,273,21,24,UNRANKED,13,3,251
1981-11-27,L,AWAY,649,210,15,37,UNRANKED,9,8,224
1982-09-18,W,HOME,649,48,23,17,20,10,UNRANKED,226
1982-09-25,W,HOME,649,309,28,14,10,UNRANKED,UNRANKED,256
1982-10-02,W,AWAY,649,176,11,3,11,UNRANKED,UNRANKED,227
1982-10-09,W,HOME,649,210,16,14,10,17,UNRANKED,224
1982-10-16,L,HOME,649,306,13,16,9,UNRANKED,UNRANKED,158
1982-10-23,T,AWAY,649,375,13,13,15,UNRANKED,UNRANKED,248
1982-10-30,W,GIANTS STADIUM,649,186,27,10,UNRANKED,UNRANKED,UNRANKED,233
1982-11-06,W,AWAY,649,162,31,16,UNRANKED,1,10,254
1982-11-13,L,HOME,649,273,14,24,13,5,1,251
1982-11-20,L,AWAY,649,296,17,30,18,UNRANKED,UNRANKED,152
1982-11-27,L,AWAY,649,287,13,17,UNRANKED,17,15,271
1983-09-10,W,AWAY,649,309,52,6,5,UNRANKED,UNRANKED,256
1983-09-17,L,HOME,649,199,23,28,4,UNRANKED,UNRANKED,227
1983-09-24,L,AWAY,649,210,0,20,13,UNRANKED,1,224
1983-10-01,W,AWAY,649,36,27,3,UNRANKED,UNRANKED,UNRANKED,181
1983-10-08,W,AWAY,649,272,30,6,UNRANKED,UNRANKED,UNRANKED,268
1983-10-15,W,GIANTS STADIUM,649,267,42,0,UNRANKED,UNRANKED,UNRANKED,160
1983-10-22,W,HOME,649,401,27,6,UNRANKED,UNRANKED,UNRANKED,271
1983-10-29,W,HOME,649,186,28,12,19,UNRANKED,UNRANKED,233
1983-11-05,L,HOME,649,162,16,21,18,UNRANKED,18,254
1983-11-12,L,AWAY,649,273,30,34,UNRANKED,UNRANKED,UNRANKED,251
1983-11-19,L,HOME,649,296,22,23,UNRANKED,UNRANKED,13,152
1983-12-29,W,LIBERTY BOWL,649,231,19,18,UNRANKED,13,19,165
1984-09-08,L,HOOSIER DOME,649,309,21,23,7,UNRANKED,UNRANKED,256
1984-09-15,W,AWAY,649,199,24,20,UNRANKED,UNRANKED,UNRANKED,227
1984-09-22,W,HOME,649,36,55,14,UNRANKED,UNRANKED,UNRANKED,181
1984-09-29,W,AWAY,649,430,16,14,19,UNRANKED,UNRANKED,229
1984-10-06,L,HOME,649,270,13,31,16,14,18,224
1984-10-13,L,HOME,649,161,7,21,UNRANKED,UNRANKED,UNRANKED,152
1984-10-20,L,HOME,649,272,32,36,UNRANKED,11,11,268
1984-10-27,W,AWAY,649,24,30,22,UNRANKED,7,15,220
1984-11-03,W,GIANTS STADIUM,649,186,18,17,UNRANKED,UNRANKED,UNRANKED,233
1984-11-17,W,HOME,649,273,44,7,UNRANKED,UNRANKED,UNRANKED,251
1984-11-24,W,AWAY,649,401,19,7,UNRANKED,14,10,271
1984-12-29,L,ALOHA BOWL,649,59,20,27,17,10,8,265
1985-09-14,L,AWAY,649,48,12,20,13,UNRANKED,2,226
1985-09-21,W,HOME,649,199,27,10,UNRANKED,UNRANKED,UNRANKED,227
1985-09-28,L,AWAY,649,309,17,35,UNRANKED,UNRANKED,UNRANKED,256
1985-10-05,L,AWAY,649,161,15,21,UNRANKED,17,8,152
1985-10-19,W,HOME,649,267,24,10,UNRANKED,19,UNRANKED,160
1985-10-26,W,HOME,649,401,37,3,UNRANKED,UNRANKED,UNRANKED,271
1985-11-02,W,HOME,649,186,41,17,UNRANKED,UNRANKED,UNRANKED,233
1985-11-09,W,HOME,649,44,37,14,UNRANKED,UNRANKED,UNRANKED,246
1985-11-16,L,AWAY,649,273,6,36,UNRANKED,1,3,251
1985-11-23,L,HOME,649,24,7,10,UNRANKED,17,20,220
1985-11-30,L,AWAY,649,270,7,58,UNRANKED,4,9,224
1986-09-13,L,HOME,661,48,23,24,UNRANKED,3,8,226
1986-09-20,L,AWAY,661,199,15,20,20,UNRANKED,UNRANKED,227
1986-09-27,W,HOME,661,309,41,9,UNRANKED,UNRANKED,UNRANKED,256
1986-10-04,L,BIRMINGHAM,661,373,10,28,UNRANKED,2,9,154
1986-10-11,L,HOME,661,328,9,10,UNRANKED,UNRANKED,UNRANKED,254
1986-10-18,W,HOME,661,161,31,3,UNRANKED,UNRANKED,UNRANKED,152
1986-11-01,W,AWAY,661,186,33,14,UNRANKED,UNRANKED,UNRANKED,233
1986-11-08,W,HOME,661,59,61,29,UNRANKED,UNRANKED,UNRANKED,265
1986-11-15,L,HOME,661,273,19,24,UNRANKED,3,1,251
1986-11-22,L,AWAY,661,24,19,21,UNRANKED,8,10,220
1986-11-29,W,AWAY,661,401,38,37,UNRANKED,17,UNRANKED,271
1987-09-12,W,AWAY,661,48,26,7,16,9,19,226
1987-09-19,W,HOME,661,199,31,8,9,17,8,227
1987-09-26,W,AWAY,661,177,44,20,8,UNRANKED,UNRANKED,256
1987-10-10,L,AWAY,661,328,22,30,4,UNRANKED,UNRANKED,254
1987-10-17,W,AWAY,661,161,35,14,11,UNRANKED,UNRANKED,152
1987-10-24,W,HOME,661,306,26,15,10,UNRANKED,18,271
1987-10-31,W,HOME,661,157,56,13,9,UNRANKED,UNRANKED,233
1987-11-07,W,HOME,661,231,32,25,9,UNRANKED,UNRANKED,165
1987-11-14,W,HOME,661,27,37,6,7,11,UNRANKED,154
1987-11-21,L,AWAY,661,273,20,21,7,UNRANKED,UNRANKED,251
1987-11-28,L,AWAY,661,270,0,24,10,2,1,224
1988-01-01,L,COTTON BOWL,661,236,10,35,12,13,10,280
1988-09-10,W,HOME,661,48,19,17,13,9,4,226
1988-09-17,W,AWAY,661,199,20,3,8,UNRANKED,UNRANKED,227
1988-09-24,W,HOME,661,177,52,7,8,UNRANKED,UNRANKED,256
1988-10-01,W,HOME,661,233,42,14,5,UNRANKED,UNRANKED,275
1988-10-08,W,AWAY,661,328,30,20,5,UNRANKED,UNRANKED,254
1988-10-15,W,HOME,661,270,31,30,4,1,2,224
1988-10-22,W,HOME,661,161,41,13,2,UNRANKED,UNRANKED,152
1988-10-29,W,AWAY,661,157,22,7,2,UNRANKED,UNRANKED,233
1988-11-05,W,HOME,661,251,54,11,1,UNRANKED,UNRANKED,257
1988-11-19,W,HOME,661,273,21,3,1,UNRANKED,UNRANKED,251
1988-11-26,W,AWAY,661,306,27,10,1,2,7,271
1989-01-02,W,FIESTA BOWL,661,142,34,21,1,3,5,297
1989-08-31,W,GIANTS STADIUM,661,202,36,13,2,UNRANKED,18,289
1989-09-16,W,AWAY,661,48,24,19,1,2,7,226
1989-09-23,W,HOME,661,199,21,13,1,UNRANKED,16,227
1989-09-30,W,AWAY,661,177,40,7,1,UNRANKED,UNRANKED,256
1989-10-07,W,AWAY,661,135,27,17,1,UNRANKED,UNRANKED,275
1989-10-14,W,AWAY,661,161,41,27,1,17,UNRANKED,152
1989-10-21,W,HOME,661,306,28,24,1,9,8,271
1989-10-28,W,HOME,661,328,45,7,1,7,17,254
1989-11-04,W,HOME,661,157,41,0,1,UNRANKED,UNRANKED,233
1989-11-11,W,HOME,661,164,59,6,1,UNRANKED,UNRANKED,265
1989-11-18,W,AWAY,661,273,34,23,1,17,15,251
1989-11-25,L,AWAY,661,134,10,27,1,7,1,224
1990-01-01,W,ORANGE BOWL,661,36,21,6,4,1,4,181
1990-09-15,W,HOME,661,185,28,24,1,4,7,226
1990-09-22,W,AWAY,661,199,20,19,1,24,16,227
1990-09-29,W,HOME,661,177,37,11,1,UNRANKED,UNRANKED,256
1990-10-06,L,HOME,661,135,31,36,1,UNRANKED,UNRANKED,275
1990-10-13,W,HOME,661,161,57,27,8,UNRANKED,UNRANKED,152
1990-10-20,W,HOME,661,134,29,20,6,2,3,224
1990-10-27,W,AWAY,661,351,31,22,3,UNRANKED,UNRANKED,254
1990-11-03,W,GIANTS STADIUM,661,190,52,31,2,UNRANKED,UNRANKED,233
1990-11-10,W,AWAY,661,288,34,29,1,9,8,278
1990-11-17,L,HOME,661,273,21,24,1,18,11,251
1990-11-24,W,AWAY,661,306,10,6,7,18,20,271
1991-01-01,L,ORANGE BOWL,661,36,9,10,5,1,1,181
1991-09-07,W,HOME,661,35,49,27,7,UNRANKED,UNRANKED,206
1991-09-14,L,AWAY,661,185,14,24,7,3,6,226
1991-09-21,W,HOME,661,199,49,10,11,UNRANKED,UNRANKED,227
1991-09-28,W,AWAY,661,257,45,20,8,UNRANKED,UNRANKED,256
1991-10-05,W,AWAY,661,135,42,26,8,UNRANKED,22,275
1991-10-12,W,HOME,661,351,42,7,7,12,UNRANKED,254
1991-10-19,W,AWAY,661,161,28,15,5,UNRANKED,25,152
1991-10-26,W,HOME,661,306,24,20,5,UNRANKED,UNRANKED,271
1991-11-02,W,HOME,661,190,38,0,5,UNRANKED,UNRANKED,233
1991-11-09,L,HOME,661,288,34,35,5,13,14,278
1991-11-16,L,AWAY,661,273,13,35,12,8,3,251
1991-11-30,W,AWAY,661,56,48,42,18,UNRANKED,UNRANKED,200
1992-01-01,W,SUGAR BOWL,661,397,39,28,18,3,7,191
1992-09-05,W,SOLDIER FIELD,661,183,42,7,3,UNRANKED,UNRANKED,240
1992-09-12,T,HOME,661,185,17,17,3,6,5,226
1992-09-19,W,AWAY,661,199,52,31,7,UNRANKED,UNRANKED,227
1992-09-26,W,HOME,661,257,48,0,6,UNRANKED,UNRANKED,256
1992-10-03,L,HOME,661,41,16,33,6,18,9,275
1992-10-10,W,AWAY,661,351,52,21,13,UNRANKED,UNRANKED,254
1992-10-24,W,HOME,661,307,42,16,10,UNRANKED,UNRANKED,168
1992-10-31,W,GIANTS STADIUM,661,190,38,7,10,UNRANKED,UNRANKED,233
1992-11-07,W,HOME,661,408,54,7,8,9,21,165
1992-11-14,W,HOME,661,273,17,16,8,22,UNRANKED,251
1992-11-28,W,AWAY,661,306,31,23,5,19,UNRANKED,271
1993-01-01,W,COTTON BOWL,661,364,28,3,5,4,7,280
1993-09-04,W,HOME,661,183,27,12,7,UNRANKED,UNRANKED,240
1993-09-11,W,AWAY,661,185,27,23,11,3,21,226
1993-09-18,W,HOME,661,199,36,14,4,UNRANKED,UNRANKED,227
1993-09-25,W,AWAY,661,257,17,0,4,UNRANKED,UNRANKED,256
1993-10-02,W,AWAY,661,41,48,20,4,UNRANKED,UNRANKED,275
1993-10-09,W,HOME,661,288,44,0,4,UNRANKED,UNRANKED,254
1993-10-16,W,AWAY,661,307,45,20,3,UNRANKED,UNRANKED,168
1993-10-23,W,HOME,661,287,31,13,2,UNRANKED,UNRANKED,271
1993-10-30,W,VETERANS STADIUM,661,190,58,27,2,UNRANKED,UNRANKED,233
1993-11-13,W,HOME,661,58,31,24,2,1,1,192
1993-11-20,L,HOME,661,408,39,41,1,17,13,165
1994-01-01,W,COTTON BOWL,661,364,24,21,4,7,9,280
1994-09-03,W,SOLDIER FIELD,661,183,42,15,3,UNRANKED,UNRANKED,240
1994-09-10,L,HOME,661,185,24,26,3,6,12,226
1994-09-17,W,AWAY,661,199,21,20,8,UNRANKED,UNRANKED,227
1994-09-24,W,HOME,661,257,39,21,9,UNRANKED,UNRANKED,256
1994-10-01,W,HOME,661,41,34,15,8,UNRANKED,UNRANKED,275
1994-10-08,L,AWAY,661,117,11,30,8,UNRANKED,23,165
1994-10-15,L,HOME,661,307,14,21,17,UNRANKED,18,168
1994-10-29,W,HOME,661,190,58,21,UNRANKED,UNRANKED,UNRANKED,233
1994-11-12,L,CITRUS BOWL,661,58,16,23,UNRANKED,8,4,192
1994-11-19,W,HOME,661,161,42,30,UNRANKED,UNRANKED,UNRANKED,152
1994-11-26,T,AWAY,661,287,17,17,UNRANKED,17,13,271
1995-01-02,L,FIESTA BOWL,661,36,24,41,UNRANKED,4,3,181
1995-09-02,L,HOME,661,183,15,17,9,UNRANKED,8,240
1995-09-09,W,AWAY,661,257,35,28,25,UNRANKED,UNRANKED,256
1995-09-16,W,HOME,661,381,41,0,24,UNRANKED,UNRANKED,288
1995-09-23,W,HOME,661,279,55,27,21,13,14,279
1995-09-30,L,AWAY,661,276,26,45,15,7,6,244
1995-10-07,W,AWAY,661,261,29,21,23,15,UNRANKED,293
1995-10-14,W,GIANTS STADIUM,661,54,28,27,17,UNRANKED,UNRANKED,160
1995-10-21,W,HOME,661,287,38,10,17,5,12,271
1995-10-28,W,HOME,661,117,20,10,12,UNRANKED,UNRANKED,165
1995-11-04,W,HOME,661,92,35,17,8,UNRANKED,UNRANKED,233
1995-11-18,W,AWAY,661,161,44,14,8,UNRANKED,UNRANKED,152
1996-01-01,L,ORANGE BOWL,661,58,26,31,6,8,4,192
1996-09-05,W,AWAY,661,381,14,7,6,UNRANKED,UNRANKED,288
1996-09-14,W,HOME,661,257,35,0,9,UNRANKED,UNRANKED,256
1996-09-21,W,AWAY,661,279,27,24,9,6,23,279
1996-09-28,L,HOME,661,276,16,29,5,4,2,244
1996-10-12,W,HOME,661,261,54,20,11,16,16,293
1996-10-19,L,HOME,661,161,17,20,8,UNRANKED,UNRANKED,152
1996-11-02,W,DUBLIN,661,92,54,27,19,UNRANKED,UNRANKED,233
1996-11-09,W,AWAY,661,117,48,21,17,UNRANKED,UNRANKED,165
1996-11-16,W,HOME,661,288,60,6,14,UNRANKED,UNRANKED,254
1996-11-23,W,HOME,661,403,62,0,10,UNRANKED,UNRANKED,261
1996-11-30,L,AWAY,661,287,20,27,10,UNRANKED,UNRANKED,271
1997-09-06,W,HOME,49,198,17,13,11,UNRANKED,25,195
1997-09-13,L,AWAY,49,274,17,28,12,UNRANKED,15,256
1997-09-20,L,HOME,49,336,7,23,UNRANKED,17,UNRANKED,227
1997-09-27,L,AWAY,49,311,14,21,UNRANKED,6,1,226
1997-10-04,L,AWAY,49,418,15,33,UNRANKED,19,UNRANKED,275
1997-10-11,W,AWAY,49,425,45,21,UNRANKED,UNRANKED,UNRANKED,254
1997-10-18,L,HOME,49,287,17,20,UNRANKED,UNRANKED,UNRANKED,271
1997-10-25,W,HOME,49,412,52,20,UNRANKED,UNRANKED,UNRANKED,165
1997-11-01,W,HOME,49,92,21,17,UNRANKED,UNRANKED,UNRANKED,233
1997-11-15,W,AWAY,49,203,24,6,UNRANKED,11,13,220
1997-11-22,W,HOME,49,142,21,14,UNRANKED,22,UNRANKED,297
1997-11-29,W,AWAY,49,180,23,22,UNRANKED,UNRANKED,UNRANKED,200
1997-12-28,L,INDEPENDENCE BOWL,49,203,9,27,UNRANKED,15,13,220
1998-09-05,W,HOME,49,311,36,20,22,5,12,226
1998-09-12,L,AWAY,49,336,23,45,10,UNRANKED,UNRANKED,227
1998-09-26,W,HOME,49,274,31,30,23,UNRANKED,24,256
1998-10-03,W,HOME,49,418,35,17,23,UNRANKED,UNRANKED,275
1998-10-10,W,AWAY,49,67,28,9,22,UNRANKED,UNRANKED,159
1998-10-24,W,HOME,49,54,20,17,18,UNRANKED,UNRANKED,160
1998-10-31,W,HOME,49,128,27,3,16,UNRANKED,UNRANKED,162
1998-11-07,W,AWAY,49,412,31,26,13,UNRANKED,UNRANKED,165
1998-11-14,W,RALJON MD,49,92,30,0,12,UNRANKED,UNRANKED,233
1998-11-21,W,HOME,49,203,39,36,10,UNRANKED,UNRANKED,220
1998-11-28,L,AWAY,49,351,0,10,9,UNRANKED,UNRANKED,271
1999-01-01,L,GATOR BOWL,49,198,28,35,17,12,9,195
1999-08-28,W,HOME,49,402,48,13,18,UNRANKED,UNRANKED,212
1999-09-04,L,AWAY,49,311,22,26,16,7,5,226
1999-09-11,L,AWAY,49,274,23,28,16,20,25,256
1999-09-18,L,HOME,49,336,13,23,24,UNRANKED,7,227
1999-10-02,W,HOME,49,53,34,30,UNRANKED,23,UNRANKED,245
1999-10-09,W,HOME,49,67,48,17,UNRANKED,UNRANKED,UNRANKED,159
1999-10-16,W,HOME,49,351,25,24,UNRANKED,UNRANKED,UNRANKED,271
1999-10-30,W,HOME,49,92,28,24,UNRANKED,UNRANKED,UNRANKED,233
1999-11-06,L,AWAY,49,363,14,38,24,4,9,278
1999-11-13,L,AWAY,49,425,27,37,UNRANKED,UNRANKED,UNRANKED,254
1999-11-20,L,HOME,49,412,29,31,UNRANKED,25,UNRANKED,165
1999-11-27,L,AWAY,49,418,37,40,UNRANKED,UNRANKED,UNRANKED,275
2000-09-02,W,HOME,49,364,24,10,UNRANKED,25,UNRANKED,280
2000-09-09,L,HOME,49,173,24,27,23,1,8,234
2000-09-16,W,HOME,49,274,23,21,21,13,13,256
2000-09-23,L,AWAY,49,63,21,27,16,23,UNRANKED,227
2000-10-07,W,HOME,49,418,20,14,25,UNRANKED,UNRANKED,275
2000-10-14,W,ORLANDO,49,92,45,14,20,UNRANKED,UNRANKED,233
2000-10-21,W,AWAY,49,142,42,28,20,UNRANKED,UNRANKED,297
2000-10-28,W,HOME,49,161,34,31,19,UNRANKED,UNRANKED,152
2000-11-11,W,HOME,49,412,28,16,11,UNRANKED,UNRANKED,165
2000-11-18,W,AWAY,49,403,45,17,11,UNRANKED,UNRANKED,261
2000-11-25,W,AWAY,49,351,38,21,11,UNRANKED,UNRANKED,271
2001-01-01,L,FIESTA BOWL,49,134,9,41,10,5,4,249
2001-09-08,L,AWAY,49,173,10,27,17,5,8,234
2001-09-22,L,HOME,49,63,10,17,23,UNRANKED,UNRANKED,227
2001-09-29,L,AWAY,49,364,3,24,UNRANKED,UNRANKED,UNRANKED,280
2001-10-06,W,HOME,49,425,24,7,UNRANKED,UNRANKED,UNRANKED,254
2001-10-13,W,HOME,49,377,34,24,UNRANKED,UNRANKED,UNRANKED,297
2001-10-20,W,HOME,49,357,27,16,UNRANKED,UNRANKED,UNRANKED,271
2001-10-27,L,AWAY,49,412,17,21,UNRANKED,UNRANKED,21,165
2001-11-03,L,HOME,49,363,18,28,UNRANKED,7,4,278
2001-11-17,W,HOME,49,379,34,16,UNRANKED,UNRANKED,UNRANKED,233
2001-11-24,L,AWAY,49,418,13,17,UNRANKED,13,16,275
2001-12-01,W,AWAY,49,274,24,18,UNRANKED,UNRANKED,UNRANKED,256
2002-08-31,W,GIANTS STADIUM,418,365,22,0,UNRANKED,21,13,222
2002-09-07,W,HOME,418,274,24,17,23,UNRANKED,UNRANKED,256
2002-09-14,W,HOME,418,311,25,23,20,7,9,226
2002-09-21,W,AWAY,418,63,21,17,12,UNRANKED,UNRANKED,227
2002-10-05,W,HOME,418,70,31,7,9,UNRANKED,UNRANKED,275
2002-10-12,W,HOME,418,425,14,6,8,UNRANKED,19,254
2002-10-19,W,AWAY,418,161,21,14,7,18,UNRANKED,152
2002-10-26,W,AWAY,418,58,34,24,6,11,21,192
2002-11-02,L,HOME,418,412,7,14,4,UNRANKED,UNRANKED,165
2002-11-09,W,BALTIMORE,418,352,30,23,9,UNRANKED,UNRANKED,233
2002-11-23,W,HOME,418,208,42,0,8,UNRANKED,UNRANKED,261
2002-11-30,L,AWAY,418,357,13,44,7,6,4,271
2003-01-01,L,GATOR BOWL,418,96,6,28,11,17,12,238
2003-09-06,W,HOME,418,28,29,26,19,UNRANKED,9,295
2003-09-13,L,AWAY,418,311,0,38,15,5,6,226
2003-09-20,L,HOME,418,278,16,22,UNRANKED,UNRANKED,UNRANKED,227
2003-09-27,L,AWAY,418,274,10,23,UNRANKED,22,18,256
2003-10-11,W,AWAY,418,425,20,14,UNRANKED,15,UNRANKED,254
2003-10-18,L,HOME,418,357,14,45,UNRANKED,5,1,271
2003-10-25,L,AWAY,418,412,25,27,UNRANKED,UNRANKED,UNRANKED,165
2003-11-01,L,HOME,418,58,0,37,UNRANKED,5,11,192
2003-11-08,W,HOME,418,352,27,24,UNRANKED,UNRANKED,UNRANKED,233
2003-11-15,W,HOME,418,184,33,14,UNRANKED,UNRANKED,UNRANKED,168
2003-11-29,W,AWAY,418,70,57,7,UNRANKED,UNRANKED,UNRANKED,275
2003-12-06,L,AWAY,418,353,12,38,UNRANKED,UNRANKED,UNRANKED,276
2004-09-04,L,AWAY,418,184,17,20,UNRANKED,UNRANKED,UNRANKED,168
2004-09-11,W,HOME,418,311,28,20,UNRANKED,8,14,226
2004-09-18,W,AWAY,418,278,31,24,UNRANKED,UNRANKED,UNRANKED,227
2004-09-25,W,HOME,418,294,38,3,UNRANKED,UNRANKED,UNRANKED,293
2004-10-02,L,HOME,418,274,16,41,UNRANKED,15,UNRANKED,256
2004-10-09,W,HOME,418,70,23,15,UNRANKED,UNRANKED,UNRANKED,275
2004-10-16,W,GIANTS STADIUM,418,352,27,9,UNRANKED,UNRANKED,24,233
2004-10-23,L,HOME,418,412,23,24,24,UNRANKED,21,165
2004-11-06,W,AWAY,418,363,17,13,UNRANKED,9,13,278
2004-11-13,L,HOME,418,425,38,41,24,UNRANKED,25,254
2004-11-27,L,AWAY,418,357,10,41,UNRANKED,1,1,271
2004-12-28,L,INSIGHT BOWL,659,332,21,38,UNRANKED,UNRANKED,UNRANKED,249
2005-09-03,W,AWAY,643,129,42,21,UNRANKED,23,UNRANKED,254
2005-09-10,W,AWAY,643,311,17,10,20,3,UNRANKED,226
2005-09-17,L,HOME,643,278,41,44,10,UNRANKED,UNRANKED,227
2005-09-24,W,AWAY,643,418,36,17,16,UNRANKED,UNRANKED,293
2005-10-01,W,AWAY,643,274,49,28,13,22,UNRANKED,256
2005-10-15,L,HOME,643,357,31,34,9,1,2,271
2005-10-22,W,HOME,643,66,49,23,9,UNRANKED,UNRANKED,168
2005-11-05,W,HOME,643,363,41,21,8,UNRANKED,UNRANKED,278
2005-11-12,W,HOME,643,352,42,21,7,UNRANKED,UNRANKED,233
2005-11-19,W,HOME,643,207,34,10,6,UNRANKED,UNRANKED,276
2005-11-26,W,AWAY,643,425,38,31,6,UNRANKED,UNRANKED,275
2006-01-02,L,FIESTA BOWL,643,265,20,34,5,4,4,244
2006-09-02,W,AWAY,643,83,14,10,2,UNRANKED,UNRANKED,195
2006-09-09,W,HOME,643,273,41,17,4,19,24,251
2006-09-16,L,HOME,643,311,21,47,2,11,8,226
2006-09-23,W,AWAY,643,278,40,37,12,UNRANKED,UNRANKED,227
2006-09-30,W,HOME,643,274,35,21,12,UNRANKED,UNRANKED,256
2006-10-07,W,HOME,643,425,31,10,12,UNRANKED,UNRANKED,275
2006-10-21,W,HOME,643,293,20,17,10,UNRANKED,UNRANKED,285
2006-10-28,W,BALTIMORE,643,352,38,14,11,UNRANKED,UNRANKED,233
2006-11-04,W,HOME,643,275,45,26,11,UNRANKED,UNRANKED,237
2006-11-11,W,AWAY,643,161,39,17,9,UNRANKED,UNRANKED,152
2006-11-18,W,HOME,643,62,41,9,6,UNRANKED,UNRANKED,160
2006-11-25,L,AWAY,643,357,24,44,6,3,4,271
2007-01-03,L,SUGAR BOWL,643,310,14,41,11,4,3,220
2007-09-01,L,HOME,643,83,3,33,UNRANKED,UNRANKED,UNRANKED,195
2007-09-08,L,AWAY,643,273,10,31,UNRANKED,14,UNRANKED,251
2007-09-15,L,AWAY,643,311,0,38,UNRANKED,UNRANKED,18,226
2007-09-22,L,HOME,643,320,14,31,UNRANKED,UNRANKED,UNRANKED,227
2007-09-29,L,AWAY,643,274,19,33,UNRANKED,UNRANKED,UNRANKED,256
2007-10-06,W,AWAY,643,293,20,6,UNRANKED,UNRANKED,UNRANKED,285
2007-10-13,L,HOME,643,247,14,27,UNRANKED,4,10,165
2007-10-20,L,HOME,643,357,0,38,UNRANKED,13,3,271
2007-11-03,L,HOME,643,352,44,46,UNRANKED,UNRANKED,UNRANKED,233
2007-11-10,L,HOME,643,415,24,41,UNRANKED,UNRANKED,UNRANKED,152
2007-11-17,W,HOME,643,400,28,7,UNRANKED,UNRANKED,UNRANKED,189
2007-11-24,W,AWAY,643,259,21,14,UNRANKED,UNRANKED,UNRANKED,275
2008-09-06,W,HOME,643,98,21,13,UNRANKED,UNRANKED,UNRANKED,264
2008-09-13,W,HOME,643,377,35,17,UNRANKED,UNRANKED,UNRANKED,226
2008-09-20,L,AWAY,643,320,7,23,UNRANKED,UNRANKED,24,227
2008-09-27,W,HOME,643,274,38,21,UNRANKED,UNRANKED,UNRANKED,256
2008-10-04,W,HOME,643,259,28,21,UNRANKED,UNRANKED,UNRANKED,275
2008-10-11,L,AWAY,643,72,24,29,UNRANKED,22,UNRANKED,237
2008-10-25,W,AWAY,643,418,33,7,UNRANKED,UNRANKED,UNRANKED,293
2008-11-01,L,HOME,643,129,33,36,UNRANKED,UNRANKED,UNRANKED,254
2008-11-08,L,AWAY,643,247,0,17,UNRANKED,UNRANKED,UNRANKED,165
2008-11-15,W,BALTIMORE,643,297,27,21,UNRANKED,UNRANKED,UNRANKED,233
2008-11-22,L,HOME,643,207,23,24,UNRANKED,UNRANKED,UNRANKED,276
2008-11-29,L,AWAY,643,357,3,38,UNRANKED,5,3,271
2008-12-24,W,HAWAII BOWL,643,206,49,21,UNRANKED,UNRANKED,UNRANKED,200
2009-09-05,W,HOME,643,95,35,0,23,UNRANKED,UNRANKED,235
2009-09-12,L,AWAY,643,377,34,38,18,UNRANKED,UNRANKED,226
2009-09-19,W,HOME,643,320,33,30,UNRANKED,UNRANKED,UNRANKED,227
2009-09-26,W,AWAY,643,121,24,21,UNRANKED,UNRANKED,UNRANKED,256
2009-10-03,W,HOME,643,395,37,30,UNRANKED,UNRANKED,UNRANKED,293
2009-10-17,L,HOME,643,357,27,34,25,6,22,271
2009-10-24,W,HOME,643,175,20,16,UNRANKED,UNRANKED,UNRANKED,165
2009-10-31,W,SAN ANTONIO,643,355,40,14,25,UNRANKED,UNRANKED,295
2009-11-07,L,HOME,643,297,21,23,19,UNRANKED,UNRANKED,233
2009-11-14,L,AWAY,643,129,22,27,UNRANKED,8,15,254
2009-11-21,L,HOME,643,369,30,33,UNRANKED,UNRANKED,UNRANKED,182
2009-11-28,L,AWAY,643,259,38,45,UNRANKED,UNRANKED,UNRANKED,275
2010-09-04,W,HOME,642,121,23,12,UNRANKED,UNRANKED,UNRANKED,256
2010-09-11,L,HOME,642,377,24,28,UNRANKED,UNRANKED,UNRANKED,226
2010-09-18,L,AWAY,642,320,31,34,UNRANKED,UNRANKED,14,227
2010-09-25,L,HOME,642,259,14,37,UNRANKED,16,4,275
2010-10-02,W,AWAY,642,175,31,13,UNRANKED,UNRANKED,UNRANKED,165
2010-10-09,W,HOME,642,129,23,17,UNRANKED,UNRANKED,UNRANKED,254
2010-10-16,W,HOME,642,26,44,20,UNRANKED,UNRANKED,UNRANKED,298
2010-10-23,L,NEW MEADOWLANDS STADIUM,642,297,17,35,UNRANKED,UNRANKED,UNRANKED,233
2010-10-30,L,HOME,642,406,27,28,UNRANKED,UNRANKED,24,284
2010-11-13,W,HOME,642,300,28,3,UNRANKED,15,UNRANKED,286
2010-11-20,W,YANKEE STADIUM,642,376,27,3,UNRANKED,UNRANKED,UNRANKED,160
2010-11-27,W,AWAY,642,303,20,16,UNRANKED,UNRANKED,UNRANKED,271
2010-12-31,W,SUN BOWL,642,250,33,17,UNRANKED,UNRANKED,UNRANKED,224
2011-09-03,L,HOME,642,390,20,23,16,UNRANKED,UNRANKED,270
2011-09-10,L,AWAY,642,64,31,35,UNRANKED,UNRANKED,12,226
2011-09-17,W,HOME,642,320,31,13,UNRANKED,15,11,227
2011-09-24,W,AWAY,642,406,15,12,UNRANKED,UNRANKED,UNRANKED,254
2011-10-01,W,AWAY,642,121,38,10,UNRANKED,UNRANKED,UNRANKED,256
2011-10-08,W,HOME,642,415,59,33,UNRANKED,UNRANKED,UNRANKED,152
2011-10-22,L,HOME,642,303,17,31,UNRANKED,UNRANKED,6,271
2011-10-29,W,HOME,642,297,56,14,UNRANKED,UNRANKED,UNRANKED,233
2011-11-05,W,AWAY,642,258,24,17,UNRANKED,UNRANKED,UNRANKED,292
2011-11-12,W,FEDEX FIELD,642,369,45,21,UNRANKED,UNRANKED,UNRANKED,222
2011-11-19,W,HOME,642,175,16,14,24,UNRANKED,UNRANKED,165
2011-11-26,L,AWAY,642,133,14,28,22,4,7,275
2011-12-29,L,CHAMPS SPORTS BOWL,642,268,14,18,UNRANKED,25,23,192
2012-09-01,W,DUBLIN,642,297,50,10,UNRANKED,UNRANKED,UNRANKED,233
2012-09-08,W,HOME,642,121,20,17,22,UNRANKED,UNRANKED,256
2012-09-15,W,AWAY,642,320,20,3,20,10,UNRANKED,227
2012-09-22,W,HOME,642,64,13,6,11,18,24,226
2012-10-06,W,SOLDIER FIELD,642,5,41,3,9,UNRANKED,UNRANKED,224
2012-10-13,W,HOME,642,133,20,13,7,17,7,275
2012-10-20,W,HOME,642,66,17,14,5,UNRANKED,UNRANKED,168
2012-10-27,W,AWAY,642,53,30,13,5,8,15,245
2012-11-03,W,HOME,642,349,29,26,4,UNRANKED,UNRANKED,254
2012-11-10,W,AWAY,642,175,21,6,4,UNRANKED,UNRANKED,165
2012-11-17,W,HOME,642,258,38,0,3,UNRANKED,UNRANKED,292
2012-11-24,W,AWAY,642,303,22,13,1,UNRANKED,UNRANKED,271
2013-01-07,L,BCS TITLE GAME,642,336,14,42,1,2,1,154
2013-08-31,W,HOME,642,325,28,6,14,UNRANKED,UNRANKED,277
2013-09-07,L,AWAY,642,64,30,41,14,17,UNRANKED,226
2013-09-14,W,AWAY,642,122,31,24,21,UNRANKED,UNRANKED,256
2013-09-21,W,HOME,642,320,17,13,22,UNRANKED,3,227
2013-09-28,L,HOME,642,53,21,35,22,14,6,245
2013-10-05,W,ARLINGTON,642,406,37,34,UNRANKED,22,21,159
2013-10-19,W,HOME,642,152,14,10,UNRANKED,UNRANKED,19,271
2013-10-26,W,AWAY,642,415,45,10,UNRANKED,UNRANKED,UNRANKED,152
2013-11-02,W,HOME,642,297,38,34,UNRANKED,UNRANKED,UNRANKED,233
2013-11-09,L,AWAY,642,349,21,28,24,UNRANKED,UNRANKED,254
2013-11-23,W,HOME,642,66,23,13,UNRANKED,UNRANKED,UNRANKED,168
2013-11-30,L,AWAY,642,133,20,27,25,8,11,275
2013-12-28,W,PINSTRIPE BOWL,642,299,29,16,25,UNRANKED,UNRANKED,261
2014-08-30,W,HOME,642,130,48,17,17,UNRANKED,UNRANKED,257
2014-09-06,W,HOME,642,64,31,0,16,UNRANKED,UNRANKED,226
2014-09-13,W,INDIANAPOLIS,642,122,30,14,11,UNRANKED,UNRANKED,256
2014-09-27,W,METLIFE STADIUM,642,389,31,15,8,UNRANKED,UNRANKED,276
2014-10-04,W,HOME,642,133,17,14,9,14,UNRANKED,275
2014-10-11,W,HOME,642,305,50,43,6,UNRANKED,UNRANKED,237
2014-10-18,L,AWAY,642,268,27,31,5,2,5,192
2014-11-01,W,FEDEX FIELD,642,297,49,39,6,UNRANKED,UNRANKED,233
2014-11-08,L,AWAY,642,406,31,55,8,11,12,159
2014-11-15,L,HOME,642,344,40,43,15,UNRANKED,UNRANKED,240
2014-11-22,L,HOME,642,61,28,31,UNRANKED,UNRANKED,24,217
2014-11-29,L,AWAY,642,395,14,49,UNRANKED,UNRANKED,20,271
2014-12-30,W,MUSIC CITY BOWL,642,310,31,28,UNRANKED,22,UNRANKED,220
2015-09-05,W,HOME,642,90,38,3,11,UNRANKED,UNRANKED,279
2015-09-12,W,AWAY,642,329,34,27,9,UNRANKED,UNRANKED,289
2015-09-19,W,HOME,642,352,30,22,8,14,UNRANKED,195
2015-09-26,W,HOME,642,322,62,27,6,UNRANKED,UNRANKED,223
2015-10-03,L,AWAY,642,115,22,24,6,12,2,179
2015-10-10,W,HOME,642,297,41,24,15,UNRANKED,18,233
2015-10-17,W,HOME,642,105,41,31,14,UNRANKED,UNRANKED,271
2015-10-31,W,PHILADELPHIA,642,325,24,20,9,21,UNRANKED,277
2015-11-07,W,AWAY,642,345,42,30,8,UNRANKED,UNRANKED,254
2015-11-14,W,HOME,642,126,28,7,6,UNRANKED,UNRANKED,292
2015-11-21,W,FENWAY PARK,642,394,19,16,5,UNRANKED,UNRANKED,165
2015-11-28,L,AWAY,642,133,36,38,4,13,3,275
2016-01-01,L,FIESTA BOWL,642,419,28,44,8,7,4,244
2016-09-04,L,AWAY,642,90,47,50,10,UNRANKED,UNRANKED,279
2016-09-10,W,HOME,642,65,39,10,18,UNRANKED,UNRANKED,235
2016-09-17,L,HOME,642,320,28,36,18,12,UNRANKED,227
2016-09-24,L,HOME,642,131,35,38,UNRANKED,UNRANKED,UNRANKED,189
2016-10-01,W,METLIFE STADIUM,642,139,50,33,UNRANKED,UNRANKED,UNRANKED,276
2016-10-08,L,AWAY,642,127,3,10,UNRANKED,UNRANKED,UNRANKED,238
2016-10-15,L,HOME,642,133,10,17,UNRANKED,UNRANKED,12,275
2016-10-29,W,HOME,642,321,30,27,UNRANKED,UNRANKED,20,224
2016-11-05,L,JACKSONVILLE,642,297,27,28,UNRANKED,UNRANKED,UNRANKED,233
2016-11-12,W,SAN ANTONIO,642,248,44,6,UNRANKED,UNRANKED,UNRANKED,160
2016-11-19,L,HOME,642,292,31,34,UNRANKED,UNRANKED,16,290
2016-11-26,L,AWAY,642,105,27,45,UNRANKED,12,3,271
2017-09-02,W,HOME,642,187,49,16,UNRANKED,UNRANKED,UNRANKED,277
2017-09-09,L,HOME,642,298,19,20,24,15,2,194
2017-09-16,W,AWAY,642,394,49,20,UNRANKED,UNRANKED,UNRANKED,165
2017-09-23,W,AWAY,642,320,38,18,UNRANKED,UNRANKED,15,227
2017-09-30,W,HOME,642,99,52,17,22,UNRANKED,UNRANKED,225
2017-10-07,W,AWAY,642,305,33,10,21,UNRANKED,UNRANKED,237
2017-10-21,W,HOME,642,105,49,14,13,11,12,271
2017-10-28,W,HOME,642,127,35,14,9,14,23,238
2017-11-04,W,HOME,642,126,48,37,5,UNRANKED,UNRANKED,292
2017-11-11,L,AWAY,642,321,8,41,3,7,13,224
2017-11-18,W,HOME,642,297,24,17,9,UNRANKED,UNRANKED,233
2017-11-25,L,AWAY,642,133,20,38,9,20,20,275
2018-01-01,W,CITRUS BOWL,642,152,21,17,14,16,18,220
2018-09-01,W,HOME,642,259,24,17,12,14,14,226
2018-09-08,W,HOME,642,330,24,16,8,UNRANKED,UNRANKED,161
2018-09-15,W,HOME,642,137,22,17,8,UNRANKED,UNRANKED,288
2018-09-22,W,AWAY,642,126,56,27,8,UNRANKED,UNRANKED,292
2018-09-29,W,HOME,642,133,38,17,8,7,UNRANKED,275
2018-10-06,W,AWAY,642,292,45,23,6,24,UNRANKED,290
2018-10-13,W,HOME,642,345,19,14,5,UNRANKED,UNRANKED,254
2018-10-27,W,SAN DIEGO,642,297,44,22,3,UNRANKED,UNRANKED,233
2018-11-03,W,AWAY,642,344,31,21,3,UNRANKED,21,240
2018-11-10,W,HOME,642,440,42,13,3,UNRANKED,UNRANKED,192
2018-11-17,W,YANKEE STADIUM,642,139,36,3,3,12,15,276
2018-11-24,W,AWAY,642,105,24,17,3,UNRANKED,UNRANKED,271
2018-12-29,L,COTTON BOWL,642,115,3,30,3,2,1,179
2019-09-02,W,AWAY,642,388,35,17,9,UNRANKED,UNRANKED,217
2019-09-14,W,HOME,642,49,66,14,7,UNRANKED,UNRANKED,236
2019-09-21,L,AWAY,642,298,17,23,7,3,4,194
2019-09-28,W,HOME,642,66,35,20,10,18,UNRANKED,289
2019-10-05,W,HOME,642,387,52,0,9,UNRANKED,UNRANKED,166
2019-10-12,W,HOME,642,105,30,27,9,UNRANKED,UNRANKED,271
2019-10-26,L,AWAY,642,259,14,45,8,19,18,226
2019-11-02,W,HOME,642,292,21,20,16,UNRANKED,UNRANKED,290
2019-11-09,W,AWAY,642,131,38,7,15,UNRANKED,UNRANKED,189
2019-11-16,W,HOME,642,297,52,20,16,23,20,233
2019-11-23,W,HOME,642,394,40,7,16,UNRANKED,UNRANKED,165
2019-11-30,W,AWAY,642,133,45,24,16,UNRANKED,UNRANKED,275
2019-12-28,W,CAMPING WORLD BOWL,642,324,33,9,15,UNRANKED,UNRANKED,210
2020-09-12,W,HOME,642,131,27,13,10,UNRANKED,UNRANKED,189
2020-09-19,W,HOME,642,249,52,0,7,UNRANKED,UNRANKED,270
2020-10-10,W,HOME,642,331,42,26,5,UNRANKED,UNRANKED,192
2020-10-17,W,HOME,642,388,12,7,4,UNRANKED,UNRANKED,217
2020-10-24,W,AWAY,642,345,45,3,3,UNRANKED,UNRANKED,254
2020-10-31,W,AWAY,642,187,31,13,4,UNRANKED,UNRANKED,195
2020-11-07,W,HOME,642,115,47,40,4,1,3,179
2020-11-14,W,AWAY,642,246,45,31,2,UNRANKED,UNRANKED,165
2020-11-27,W,AWAY,642,317,31,17,2,19,18,237
2020-12-05,W,HOME,642,139,45,21,2,UNRANKED,UNRANKED,276
2020-12-19,L,BANK OF AMERICA STADIUM,642,115,10,34,2,3,3,179
2021-01-01,L,ROSE BOWL,642,336,14,31,4,1,1,154
